skill_slug,curriculum_code,grade_min,grade_max,program_code
add-within-20-no-regrouping,AT-LP,1,1,VS1.2.1
classify-objects,AT-LP,1,1,VS1.4.2
classify-solids,AT-LP,1,3,VS1.4.2
clock-reading,AT-LP,1,3,VS1.3.2
compare-size-attributes,AT-LP,1,1,VS1.3.1
compare-within-100,AT-LP,1,2,VS1.1.1
compose-shapes,AT-LP,1,1,VS1.4.3
count-objects,AT-LP,1,1,VS1.1.1
counting-in-steps,AT-LP,1,2,VS1.1.1
data-collection,AT-LP,1,1,VS1.1.2
data-tables-charts,AT-LP,1,5,U1.4.1
figure-recognition,AT-LP,1,3,VS1.4.2
inverse-operations-check,AT-LP,1,2,VS1.2.1
money-shopping-change,AT-LP,1,2,VS1.3.1
number-line,AT-LP,1,4,VS1.1.1
number-word-form,AT-LP,1,3,VS1.1.1
operation-properties,AT-LP,1,2,VS1.2.1
ordinal-numbers,AT-LP,1,1,VS1.1.1
patterns-rhythms,AT-LP,1,2,VS1.2.2
place-value-tens-ones,AT-LP,1,2,VS1.1.1
placeholder-equation,AT-LP,1,2,VS1.2.1
spatial-directions,AT-LP,1,1,VS1.4.1
spatial-position-words,AT-LP,1,1,VS1.4.1
successor-predecessor,AT-LP,1,1,VS1.1.1
symmetry-grid,AT-LP,1,2,VS1.4.3
unit-benchmarks,AT-LP,1,3,VS1.3.1
word-problem-simple,AT-LP,1,2,VS1.2.3
add-within-100-regrouping,AT-LP,2,2,VS2.2.1
addition-within-100,AT-LP,2,2,VS2.2.1
capacity-units,AT-LP,2,3,VS2.3.1
check-calculation-error,AT-LP,2,2,VS2.2.1
compose-word-problem,AT-LP,2,2,VS2.2.3
compound-units-length,AT-LP,2,3,VS2.3.1
data-interpretation,AT-LP,2,7,U1.4.1
division-table,AT-LP,2,2,VS2.2.1
draw-segments,AT-LP,2,2,VS2.4.2
function-table,AT-LP,2,4,VS2.2.2
mass-units,AT-LP,2,3,VS2.3.1
measure-mm-cm-m,AT-LP,2,2,VS2.3.1
multiplication-table,AT-LP,2,2,VS2.2.1
multiply-by-ten,AT-LP,2,2,VS2.2.1
odd-even,AT-LP,2,2,VS2.1.1
place-value-3digit,AT-LP,2,3,VS2.1.1
subtract-within-100-basic,AT-LP,2,2,VS2.2.1
time-duration,AT-LP,2,4,VS2.3.2
add-subtract-hundreds,AT-LP,3,3,VS3.2.1
addition-within-1000,AT-LP,3,3,VS3.2.1
calendar-dates,AT-LP,3,3,VS3.3.2
chance-estimation,AT-LP,3,7,U3.4.2
chance-vocabulary,AT-LP,3,4,VS3.1.2
combinatorics-simple,AT-LP,3,5,U1.4.1
compare-within-1000,AT-LP,3,3,VS3.1.1
directional-lines,AT-LP,3,3,VS3.4.2
elapsed-time-hms,AT-LP,3,4,VS3.3.2
estimate-calculation,AT-LP,3,5,U1.1.2
estimation-everyday,AT-LP,3,3,VS3.3.1
kilometer-concept,AT-LP,3,3,VS3.3.1
line-objects,AT-LP,3,5,U1.3.1
lines-parallel-perpendicular,AT-LP,3,5,U1.3.1
long-division-one-digit,AT-LP,3,4,VS3.2.2
mental-calculation-properties,AT-LP,3,5,U1.1.2
multiply-by-tens,AT-LP,3,3,VS3.2.1
multiply-two-digit-by-two,AT-LP,3,3,VS3.2.1
perimeter-rectangle,AT-LP,3,5,U1.3.2
perimeter-square,AT-LP,3,3,VS3.4.3
perimeter-triangle,AT-LP,3,3,VS3.4.3
polygon-perimeter,AT-LP,3,7,U3.3.1
redundant-data,AT-LP,3,3,VS3.2.3
rounding-10-100,AT-LP,3,3,VS3.1.1
solid-recognition,AT-LP,3,7,U3.3.3
symmetry-axial,AT-LP,3,6,U2.3.2
unit-convert-capacity,AT-LP,3,5,U1.1.3
unit-convert-length,AT-LP,3,5,U1.1.3
unit-convert-mass,AT-LP,3,5,U1.1.3
word-problem-multistep,AT-LP,3,4,VS3.2.3
written-add-subtract-multidigit,AT-LP,3,4,VS3.2.2
written-algorithms,AT-LP,3,3,VS3.2.2
written-multiply-one-digit,AT-LP,3,3,VS3.2.2
area-by-tiling,AT-LP,4,4,VS4.4.2
area-decomposition,AT-LP,4,7,U1.3.2
calendar-calculations,AT-LP,4,4,VS4.3.2
fraction-of-quantity,AT-LP,4,4,VS4.1.2
fraction-part-whole,AT-LP,4,4,VS4.1.2
fractions-compare,AT-LP,4,4,VS4.1.2
long-division-two-digit,AT-LP,4,5,U1.1.2
money-calculations,AT-LP,4,5,U1.1.3
place-value-multidigit,AT-LP,4,5,U1.1.1
rectangle-area,AT-LP,4,5,U1.3.2
round-whole-numbers,AT-LP,4,4,VS4.1.1
scale-length,AT-LP,4,7,U1.3.2
scaling-grid,AT-LP,4,4,VS4.4.3
solid-nets,AT-LP,4,5,U1.3.3
solids-nets,AT-LP,4,4,VS4.4.1
unit-convert-area-volume,AT-LP,4,5,U1.1.3
unit-fractions,AT-LP,4,4,VS4.1.2
unit-rate,AT-LP,4,6,U2.1.4
written-multiply-multidigit,AT-LP,4,5,U1.1.2
angle-classify,AT-LP,5,5,U1.3.1
angle-measure-protractor,AT-LP,5,5,U1.3.1
arithmetic-mean,AT-LP,5,10,O6.8.1
circle-parts,AT-LP,5,5,U1.3.1
compound-measure-decimal,AT-LP,5,5,U1.1.3
cuboid-surface-area,AT-LP,5,5,U1.3.3
cuboid-volume,AT-LP,5,5,U1.3.3
data-median,AT-LP,5,10,O6.8.1
data-range,AT-LP,5,5,U1.4.2
data-read-charts,AT-LP,5,7,U1.4.1
decimal-add-subtract,AT-LP,5,5,U1.1.2
decimal-divide,AT-LP,5,5,U1.1.2
decimal-multiply,AT-LP,5,5,U1.1.2
decimal-place-value,AT-LP,5,5,U1.1.1
decimal-times-power-of-ten,AT-LP,5,5,U1.1.2
decimal-to-fraction,AT-LP,5,5,U1.1.1
decimals-compare,AT-LP,5,5,U1.1.1
decimals-on-number-line,AT-LP,5,5,U1.1.1
decimals-round,AT-LP,5,5,U1.1.2
equation-from-context,AT-LP,5,9,O5.2.3
equation-one-step,AT-LP,5,6,U1.2.2
expression-evaluate,AT-LP,5,8,U1.2.1
expression-from-words,AT-LP,5,5,U1.2.1
expression-simple-evaluate,AT-LP,5,5,U1.2.1
fraction-as-division,AT-LP,5,5,U1.1.1
fraction-expand,AT-LP,5,5,U1.1.1
fraction-simplify,AT-LP,5,5,U1.1.1
fraction-to-decimal,AT-LP,5,5,U1.1.1
inverse-operations,AT-LP,5,5,U1.2.2
mixed-number-conversion,AT-LP,5,5,U1.1.1
order-of-operations,AT-LP,5,5,U1.1.2
order-of-operations-brackets,AT-LP,5,7,U1.1.2
roman-numerals-3000,AT-LP,5,5,U1.1.1
angle-sum-polygon,AT-LP,6,6,U2.3.3
bisector-properties,AT-LP,6,6,U2.3.2
coordinate-distance-aligned,AT-LP,6,6,U2.3.1
coordinate-point-read,AT-LP,6,6,U2.3.1
divisibility-rules,AT-LP,6,6,U2.1.1
equation-two-step,AT-LP,6,7,U2.2.2
factors-and-multiples,AT-LP,6,6,U2.1.1
formula-rearrange,AT-LP,6,9,O5.1.7
fraction-add-subtract-unlike,AT-LP,6,6,U2.1.3
fraction-common-denominator,AT-LP,6,6,U2.1.3
fraction-divide-fraction,AT-LP,6,6,U2.1.3
fraction-divide-unit-whole,AT-LP,6,6,U2.1.3
fraction-multiplication-scaling,AT-LP,6,6,U2.1.3
fraction-times-fraction,AT-LP,6,6,U2.1.3
fraction-times-whole,AT-LP,6,6,U2.1.3
fraction-to-repeating-decimal,AT-LP,6,6,U2.1.2
fractions-compare-unlike,AT-LP,6,6,U1.1.1
geometric-constructions,AT-LP,6,6,U2.3.2
greatest-common-factor,AT-LP,6,9,O5.1.8
integers-add-subtract,AT-LP,6,7,U2.1.3
integers-compare,AT-LP,6,6,U2.1.2
integers-in-context,AT-LP,6,6,U2.1.2
integers-on-number-line,AT-LP,6,6,U2.1.2
inverse-proportion,AT-LP,6,9,O5.3.5
least-common-multiple,AT-LP,6,9,O5.1.8
parallelogram-area,AT-LP,6,6,U2.3.3
percent-find-whole,AT-LP,6,6,U2.1.4
percent-of-quantity,AT-LP,6,6,U2.1.4
percent-what-percent,AT-LP,6,6,U2.1.4
pie-chart-angle,AT-LP,6,7,U2.4.1
prime-composite,AT-LP,6,6,U2.1.1
prime-factorization,AT-LP,6,9,O5.1.8
proportion-missing-value,AT-LP,6,7,U2.1.4
quadrilateral-classify,AT-LP,6,6,U2.3.3
trapezoid-area,AT-LP,6,7,U2.3.3
triangle-area,AT-LP,6,6,U2.3.3
triangle-classify,AT-LP,6,6,U2.3.3
triangle-congruence,AT-LP,6,6,U2.3.2
triangle-heights,AT-LP,6,6,U2.3.3
triangle-inequality,AT-LP,6,6,U2.3.3
binomial-product,AT-LP,7,7,U3.2.2
compound-interest,AT-LP,7,10,O6.3.6
distributive-property,AT-LP,7,9,O5.1.7
equation-both-sides,AT-LP,7,9,O5.2.1
equation-check-solution,AT-LP,7,7,U3.2.3
like-terms,AT-LP,7,9,O5.1.7
linear-equation-special,AT-LP,7,9,O5.2.1
number-line-inequality,AT-LP,7,7,U3.1.1
percent-change,AT-LP,7,10,O6.3.5
power-rules,AT-LP,7,10,O5.1.5
powers-evaluate,AT-LP,7,7,U3.2.2
powers-whole-fraction,AT-LP,7,7,U3.2.2
prism-volume-surface,AT-LP,7,7,U3.3.3
probability-single-event,AT-LP,7,10,O6.8.2
proportional-division,AT-LP,7,7,U3.2.1
pyramid-volume-surface,AT-LP,7,7,U3.3.3
ratio-simplify,AT-LP,7,7,U3.2.1
relative-frequency-estimate,AT-LP,7,11,O6.8.3
relative-frequency-from-trials,AT-LP,7,10,O6.8.2
signed-add-subtract-rational,AT-LP,7,7,U3.1.1
signed-multiply-divide,AT-LP,7,7,U3.1.1
similar-figures-ratios,AT-LP,7,7,U3.3.2
similar-triangles-criteria,AT-LP,7,7,U3.3.2
simple-interest,AT-LP,7,7,U3.2.4
solid-elements,AT-LP,7,7,U3.3.3
special-products,AT-LP,7,9,O5.1.7
circle-measures,AT-LP,8,8,U4.3.2
coordinate-distance-pythagoras,AT-LP,8,9,O5.5.5
cylinder-cone-sphere,AT-LP,8,8,U4.3.3
graph-change-over-time,AT-LP,8,8,U4.2.2
linear-function-from-points,AT-LP,8,9,O5.3.2
linear-function-point-check,AT-LP,8,8,U4.2.3
linear-function-slope,AT-LP,8,9,O5.3.2
linear-function-value,AT-LP,8,8,U4.2.2
linear-function-zero,AT-LP,8,9,O5.3.2
linear-model-meaning,AT-LP,8,9,O5.3.2
linear-system-elimination,AT-LP,8,9,O5.2.2
linear-system-two,AT-LP,8,9,O5.2.2
linear-system-word-problems,AT-LP,8,9,O5.2.3
modeling-linear-relation,AT-LP,8,9,O5.3.6
multiplication-rule-counting,AT-LP,8,8,U4.4.2
probability-two-stage,AT-LP,8,10,O6.8.4
pythagoras,AT-LP,8,8,U4.3.1
repeating-decimal-to-fraction,AT-LP,8,8,U4.1.1
root-rules,AT-LP,8,10,O6.2.1
roots-estimate,AT-LP,8,8,U4.1.1
roots-evaluate,AT-LP,8,8,U4.1.1
round-solids-surface,AT-LP,8,8,U4.3.3
sector-arc,AT-LP,8,8,U4.3.2
special-right-triangles,AT-LP,8,8,U4.3.1
two-way-table,AT-LP,8,8,U4.4.1
analytic-lines,AT-LP,9,9,O5.5.4
dot-product,AT-LP,9,9,O5.5.2
expression-structure,AT-LP,9,9,O5.1.7
function-comparison,AT-LP,9,9,O5.3.1
function-graph-reading,AT-LP,9,10,O5.3.1
integers-distance,AT-LP,9,9,O5.1.3
interval-notation,AT-LP,9,9,O5.1.3
law-of-cosines-sines,AT-LP,9,9,O5.4.3
measurement-accuracy,AT-LP,9,9,O5.1.6
number-bases,AT-LP,9,9,O5.1.4
polar-coordinates,AT-LP,9,9,O5.4.4
polynomial-factoring,AT-LP,9,11,O5.1.7
polynomial-operations,AT-LP,9,9,O5.1.7
proportion-equation,AT-LP,9,10,O5.3.5
quadratic-equation,AT-LP,9,9,O5.2.1
quadratic-extreme-interval,AT-LP,9,9,O5.3.3
quadratic-formula-from-graph,AT-LP,9,9,O5.3.3
quadratic-function-value,AT-LP,9,9,O5.3.3
quadratic-graph-sketch,AT-LP,9,9,O5.3.3
quadratic-parameter,AT-LP,9,9,O5.2.1
quadratic-vertex-form,AT-LP,9,9,O5.3.3
rational-expressions,AT-LP,9,9,O5.1.7
reciprocal-function,AT-LP,9,10,O5.3.4
right-triangle-trig,AT-LP,9,9,O5.4.3
scientific-notation,AT-LP,9,9,O5.1.5
significant-figures,AT-LP,9,9,O5.1.6
solid-angles,AT-LP,9,9,O5.4.3
trig-equations,AT-LP,9,9,O5.4.2
trig-identities,AT-LP,9,9,O5.4.1
trig-plane-figures,AT-LP,9,9,O5.4.3
trig-values,AT-LP,9,9,O5.4.1
vectors-basic,AT-LP,9,10,O5.5.1
vectors-on-grid,AT-LP,9,9,O5.5.1
venn-diagram-counts,AT-LP,9,9,O5.1.1
vieta-formulas,AT-LP,9,9,O5.2.1
absolute-value,AT-LP,10,10,O5.1.3
arithmetic-sequence,AT-LP,10,10,O6.4.1
average-rate-of-change,AT-LP,10,11,O6.3.5
conditional-probability,AT-LP,10,10,O6.8.5
cross-product,AT-LP,10,10,O6.7.2
data-plot-read,AT-LP,10,10,O6.8.1
data-variance,AT-LP,10,10,O6.8.1
events-independence,AT-LP,10,10,O6.8.5
exponential-equation,AT-LP,10,10,O6.3.1.c
exponential-function-value,AT-LP,10,10,O6.3.1.c
exponential-vs-linear,AT-LP,10,10,O6.3.1.c
function-composition,AT-LP,10,10,O6.3.3
geometric-sequence,AT-LP,10,10,O6.4.1
geometric-series,AT-LP,10,10,O6.6.2
graph-reflections,AT-LP,10,10,O6.3.4
graph-transformations,AT-LP,10,10,O6.3.4
grouped-frequency-mean,AT-LP,10,10,O6.8.1
inverse-function,AT-LP,10,10,O6.3.3
line-plane-position,AT-LP,10,10,O6.7.2
linear-inequality,AT-LP,10,10,O6.2.2
linear-system-3x3,AT-LP,10,10,O6.7.3
lines-in-space,AT-LP,10,10,O6.7.1
lines3-position,AT-LP,10,10,O6.7.1
logarithm-change-base,AT-LP,10,10,O6.2.1
logarithm-evaluate,AT-LP,10,10,O6.2.1
logarithm-rules,AT-LP,10,10,O6.2.1
periodic-functions,AT-LP,10,10,O6.3.1.e
planes-in-space,AT-LP,10,10,O6.7.2
polynomial-equation,AT-LP,10,11,O6.3.1.b
polynomial-graph-zeros,AT-LP,10,10,O6.3.1.b
power-monotonicity,AT-LP,10,10,O6.3.1.c
powers-negative-exponent,AT-LP,10,10,O6.2.1
probability-addition-rule,AT-LP,10,10,O6.8.4
quadratic-inequality,AT-LP,10,10,O6.2.2
radian-measure,AT-LP,10,10,O6.3.1.e
rational-exponents,AT-LP,10,10,O6.2.1
roots-nth,AT-LP,10,10,O6.2.1
sequence-limit,AT-LP,10,10,O6.4.2
sequence-monotonicity,AT-LP,10,10,O6.4.2
sequence-nth-term,AT-LP,10,10,O6.4.1
sequence-terms,AT-LP,10,12,O6.4.1
total-probability-bayes,AT-LP,10,10,O6.8.6
trig-graphs,AT-LP,10,10,O6.3.1.e
vectors-3d,AT-LP,10,10,O6.7.1
weighted-mean,AT-LP,10,10,O6.8.1
bernoulli-trials,AT-LP,11,12,O7.6.5
binomial-coefficient,AT-LP,11,11,O7.6.4
binomial-expansion,AT-LP,11,11,O7.6.4
circle-equation,AT-LP,11,11,O7.3.1
circle-line-intersection,AT-LP,11,11,O7.3.2
circle-tangent-line,AT-LP,11,11,O7.3.2
circles-position,AT-LP,11,11,O7.3.2
complex-arithmetic,AT-LP,11,11,O7.7.2
complex-conjugate-modulus,AT-LP,11,11,O7.7.2
complex-polar-form,AT-LP,11,11,O7.7.4
complex-polar-operations,AT-LP,11,11,O7.7.4
complex-quadratic-roots,AT-LP,11,11,O7.7.2
counting-rules,AT-LP,11,11,O7.6.4
derivative-graph,AT-LP,11,11,O7.2.4
derivatives,AT-LP,11,11,O7.2.4
ellipse-hyperbola-foci,AT-LP,11,11,O7.3.1
expected-value,AT-LP,11,11,O7.6.1
function-limits,AT-LP,11,11,O7.5.4
geometric-design-optimization,AT-LP,11,11,O7.2.7
line-parabola-system,AT-LP,11,11,O7.3.3
linear-approximation,AT-LP,11,11,O7.5.3
monotonicity-extrema,AT-LP,11,11,O7.2.6
natural-logarithm,AT-LP,11,11,O7.5.1
optimization,AT-LP,11,11,O7.2.7
polynomial-division,AT-LP,11,11,O7.2.1
polynomial-integer-roots,AT-LP,11,11,O7.2.1
polynomial-root-count,AT-LP,11,11,O7.7.3
tangent-line-derivative,AT-LP,11,11,O7.2.3
accumulation,AT-LP,12,12,O8.2.2
area-integral,AT-LP,12,12,O8.2.1
differential-equation-linear,AT-LP,12,12,O8.5.2
integrals,AT-LP,12,12,O8.2.1
normal-distribution,AT-LP,12,12,O8.4.1
sampling-inference,AT-LP,12,12,O8.4.4
volume-of-revolution,AT-LP,12,12,O8.3.1
add-within-100-regrouping,CH-LP21,1,6,MA.1.A.3.c
add-within-20-no-regrouping,CH-LP21,1,2,MA.1.A.1.b
addition-within-100,CH-LP21,1,2,MA.1.A.3.b
build-solid-models,CH-LP21,1,6,MA.2.C.1.c
capacity-units,CH-LP21,1,6,MA.2.A.3.b
classify-objects,CH-LP21,1,2,MA.3.C.1.a
classify-solids,CH-LP21,1,6,MA.2.A.1.a
clock-reading,CH-LP21,1,6,MA.3.A.1.c
compare-difference,CH-LP21,1,2,MA.1.A.4.a
compare-size-attributes,CH-LP21,1,6,MA.2.A.1.b
compare-within-100,CH-LP21,1,2,MA.1.A.1.a
compose-shapes,CH-LP21,1,4,MA.2.A.2.b
compound-units-length,CH-LP21,1,6,MA.3.A.2.c
count-objects,CH-LP21,1,2,MA.1.A.1.a
counting-in-steps,CH-LP21,1,6,MA.1.A.2.b
data-collection,CH-LP21,1,2,MA.3.C.1.a
data-tables-charts,CH-LP21,1,6,MA.3.C.1.b
draw-segments,CH-LP21,1,2,MA.2.C.4.a
figure-recognition,CH-LP21,1,6,MA.2.A.1.a
fraction-part-whole,CH-LP21,1,6,MA.1.A.1.g
inverse-operations-check,CH-LP21,1,6,MA.1.A.4.c
measure-mm-cm-m,CH-LP21,1,2,MA.2.A.3.b
money-shopping-change,CH-LP21,1,6,MA.3.A.1.b
number-line,CH-LP21,1,6,MA.1.A.1.e
number-word-form,CH-LP21,1,6,MA.1.A.1.c
operation-properties,CH-LP21,1,6,MA.1.A.4.b
patterns-rhythms,CH-LP21,1,2,MA.1.B.1.a
place-value-tens-ones,CH-LP21,1,2,MA.1.A.1.c
placeholder-equation,CH-LP21,1,6,MA.1.A.4.c
spatial-directions,CH-LP21,1,2,MA.2.A.1.c
spatial-position-words,CH-LP21,1,2,MA.2.A.1.c
subtract-within-100-basic,CH-LP21,1,2,MA.1.A.3.b
successor-predecessor,CH-LP21,1,6,MA.1.A.2.b
symmetry-grid,CH-LP21,1,2,MA.2.A.2.c
time-duration,CH-LP21,1,6,MA.3.A.1.e
unit-benchmarks,CH-LP21,1,6,MA.3.A.1.c
word-problem-simple,CH-LP21,1,6,MA.1.C.2.b
check-calculation-error,CH-LP21,2,4,MA.1.B.2.c
combinatorics-simple,CH-LP21,2,7,MA.3.B.2.a
compose-word-problem,CH-LP21,2,6,MA.3.C.3.c
function-table,CH-LP21,2,6,MA.3.A.3.a
odd-even,CH-LP21,2,2,MA.1.A.1.c
redundant-data,CH-LP21,2,2,MA.3.C.2.b
add-subtract-hundreds,CH-LP21,3,6,MA.1.A.3.d
addition-within-1000,CH-LP21,3,6,MA.1.A.3.d
angle-classify,CH-LP21,3,6,MA.2.A.1.g
area-by-tiling,CH-LP21,3,6,MA.2.A.3.c
chance-vocabulary,CH-LP21,3,5,MA.3.A.1.g
compare-within-1000,CH-LP21,3,6,MA.1.A.2.e
data-interpretation,CH-LP21,3,9,MA.3.B.1.i
decimal-place-value,CH-LP21,3,6,MA.1.A.1.g
division-table,CH-LP21,3,6,MA.1.A.1.d
elapsed-time-hms,CH-LP21,3,6,MA.3.A.1.f
estimate-calculation,CH-LP21,3,9,MA.1.A.2.g
estimation-everyday,CH-LP21,3,6,MA.3.A.2.e
factors-and-multiples,CH-LP21,3,9,MA.1.A.1.g
fraction-add-subtract-like,CH-LP21,3,6,MA.1.A.3.f
fraction-expand,CH-LP21,3,6,MA.1.A.3.f
kilometer-concept,CH-LP21,3,6,MA.3.A.1.e
line-objects,CH-LP21,3,6,MA.2.A.1.g
lines-parallel-perpendicular,CH-LP21,3,6,MA.2.A.1.g
long-division-one-digit,CH-LP21,3,6,MA.1.A.3.e
mass-units,CH-LP21,3,6,MA.3.A.1.e
mental-calculation-properties,CH-LP21,3,6,MA.1.A.3.e
mental-transformations,CH-LP21,3,7,MA.2.A.2.f
money-calculations,CH-LP21,3,9,MA.3.A.1.j
multiplication-table,CH-LP21,3,6,MA.1.A.3.c
multiply-by-ten,CH-LP21,3,6,MA.1.A.4.e
multiply-by-tens,CH-LP21,3,6,MA.1.A.3.e
multiply-two-digit-by-two,CH-LP21,3,6,MA.1.A.3.e
perimeter-rectangle,CH-LP21,3,7,MA.2.A.3.e
place-value-3digit,CH-LP21,3,6,MA.1.A.1.e
place-value-multidigit,CH-LP21,3,6,MA.1.A.1.f
polygon-perimeter,CH-LP21,3,6,MA.2.A.3.e
rounding-10-100,CH-LP21,3,6,MA.1.A.4.f
scaling-grid,CH-LP21,3,7,MA.2.A.2.d
solid-recognition,CH-LP21,3,6,MA.2.A.1.f
symmetry-axial,CH-LP21,3,9,MA.2.A.1.g
unit-convert-capacity,CH-LP21,3,6,MA.3.A.1.f
unit-convert-length,CH-LP21,3,7,MA.3.A.2.e
unit-convert-mass,CH-LP21,3,6,MA.3.A.1.f
word-problem-multistep,CH-LP21,3,6,MA.3.C.2.c
written-add-subtract-multidigit,CH-LP21,3,6,MA.1.A.3.d
written-algorithms,CH-LP21,3,6,MA.1.A.3.d
written-multiply-one-digit,CH-LP21,3,6,MA.1.A.3.e
calendar-calculations,CH-LP21,4,6,MA.3.A.2.g
circle-parts,CH-LP21,4,6,MA.2.A.1.g
compound-measure-decimal,CH-LP21,4,6,MA.3.A.2.h
coordinate-point-read,CH-LP21,4,9,MA.2.A.1.h
cuboid-volume,CH-LP21,4,9,MA.2.A.3.e
data-read-charts,CH-LP21,4,9,MA.3.A.1.h
decimal-add-subtract,CH-LP21,4,6,MA.1.A.3.f
decimals-compare,CH-LP21,4,6,MA.1.A.2.g
decimals-round,CH-LP21,4,9,MA.1.A.4.g
divisibility-rules,CH-LP21,4,7,MA.1.A.4.g
fraction-simplify,CH-LP21,4,6,MA.1.A.3.f
fractions-compare-unlike,CH-LP21,4,6,MA.1.A.2.g
number-pattern-rule,CH-LP21,4,9,MA.1.C.2.f
proportion-missing-value,CH-LP21,4,6,MA.3.A.3.d
rectangle-area,CH-LP21,4,7,MA.2.A.3.e
round-whole-numbers,CH-LP21,4,6,MA.1.A.4.f
solid-elements,CH-LP21,4,9,MA.2.A.1.e
solid-nets,CH-LP21,4,9,MA.2.B.2.b
unit-convert-area-volume,CH-LP21,4,9,MA.3.A.1.h
unit-rate,CH-LP21,4,9,MA.3.A.3.e
arithmetic-mean,CH-LP21,5,9,MA.3.A.1.h
data-range,CH-LP21,5,6,MA.3.C.1.f
data-storage-units,CH-LP21,5,7,MA.3.A.1.h
fraction-add-subtract-unlike,CH-LP21,5,9,MA.1.A.3.f
triangle-inequality,CH-LP21,5,6,MA.2.B.1.e
coordinate-transformations,CH-LP21,6,9,MA.2.A.2.h
distance-speed-time,CH-LP21,6,9,MA.3.A.1.k
angle-measure-protractor,CH-LP21,7,7,MA.2.C.2.g
angle-sum-polygon,CH-LP21,7,9,MA.2.A.3.j
angles-missing-part,CH-LP21,7,9,MA.2.A.3.j
area-decomposition,CH-LP21,7,9,MA.2.A.3.f
binomial-product,CH-LP21,7,9,MA.1.A.4.l
bisector-properties,CH-LP21,7,9,MA.2.A.1.i
circle-measures,CH-LP21,7,9,MA.2.A.3.i
compare-difference-ratio,CH-LP21,7,9,MA.3.A.3.f
coordinate-distance-aligned,CH-LP21,7,8,MA.2.C.4.i
coordinate-distance-pythagoras,CH-LP21,7,9,MA.2.A.3.h
counterexample,CH-LP21,7,9,MA.1.B.1.l
cuboid-surface-area,CH-LP21,7,9,MA.2.A.3.g
cylinder-cone-sphere,CH-LP21,7,9,MA.2.A.3.i
decimal-divide,CH-LP21,7,9,MA.1.A.3.i
decimal-multiply,CH-LP21,7,9,MA.1.A.3.g
decimal-to-fraction,CH-LP21,7,9,MA.1.A.1.h
distributive-property,CH-LP21,7,9,MA.1.A.4.i
equation-both-sides,CH-LP21,7,9,MA.1.A.4.j
equation-check-solution,CH-LP21,7,9,MA.1.B.2.i
equation-from-context,CH-LP21,7,9,MA.1.C.2.h
equation-one-step,CH-LP21,7,9,MA.1.A.4.h
equation-two-step,CH-LP21,7,9,MA.1.A.4.j
expression-evaluate,CH-LP21,7,9,MA.1.B.2.j
expression-from-words,CH-LP21,7,9,MA.1.A.4.j
fraction-divide-fraction,CH-LP21,7,9,MA.1.A.3.i
fraction-divide-unit-whole,CH-LP21,7,8,MA.1.A.3.g
fraction-times-fraction,CH-LP21,7,9,MA.1.A.3.g
fraction-times-whole,CH-LP21,7,8,MA.1.A.3.g
fraction-to-decimal,CH-LP21,7,9,MA.1.A.1.h
geometric-constructions,CH-LP21,7,9,MA.2.C.2.h
graph-change-over-time,CH-LP21,7,9,MA.3.B.1.i
integers-compare,CH-LP21,7,9,MA.1.A.2.j
integers-on-number-line,CH-LP21,7,9,MA.1.A.1.i
inverse-proportion,CH-LP21,7,9,MA.3.A.3.g
lattice-polygon-area,CH-LP21,7,8,MA.2.C.4.i
like-terms,CH-LP21,7,9,MA.1.A.4.j
linear-function-slope,CH-LP21,7,9,MA.3.A.3.k
linear-function-value,CH-LP21,7,9,MA.3.A.1.m
linear-function-zero,CH-LP21,7,9,MA.3.A.3.k
linear-system-two,CH-LP21,7,9,MA.1.A.4.m
multiplication-rule-counting,CH-LP21,7,9,MA.3.B.2.d
order-of-operations,CH-LP21,7,7,MA.1.A.4.h
order-of-operations-brackets,CH-LP21,7,9,MA.1.A.4.h
parallelogram-area,CH-LP21,7,9,MA.2.A.3.g
percent-change,CH-LP21,7,9,MA.3.A.1.l
percent-find-whole,CH-LP21,7,9,MA.3.A.3.g
percent-of-quantity,CH-LP21,7,9,MA.1.A.3.h
percent-what-percent,CH-LP21,7,9,MA.1.A.3.h
polygon-diagonals,CH-LP21,7,7,MA.2.B.1.l
power-rules,CH-LP21,7,9,MA.1.A.3.j
powers-evaluate,CH-LP21,7,9,MA.1.A.1.i
powers-negative-exponent,CH-LP21,7,9,MA.1.A.1.k
powers-whole-fraction,CH-LP21,7,9,MA.1.A.4.i
prime-composite,CH-LP21,7,8,MA.1.A.1.h
prime-factorization,CH-LP21,7,9,MA.1.A.3.h
prism-volume-surface,CH-LP21,7,9,MA.2.A.3.g
probability-single-event,CH-LP21,7,9,MA.3.A.1.k
probability-two-stage,CH-LP21,7,9,MA.3.B.2.f
pyramid-volume-surface,CH-LP21,7,9,MA.2.A.3.j
pythagoras,CH-LP21,7,9,MA.2.A.3.h
quadrilateral-classify,CH-LP21,7,8,MA.2.A.1.i
ratio-simplify,CH-LP21,7,9,MA.3.A.3.f
relative-frequency-estimate,CH-LP21,7,9,MA.3.A.1.k
relative-frequency-from-trials,CH-LP21,7,9,MA.3.B.2.e
root-rules,CH-LP21,7,9,MA.1.A.3.j
roots-estimate,CH-LP21,7,9,MA.1.C.1.i
roots-evaluate,CH-LP21,7,9,MA.1.A.1.i
scale-length,CH-LP21,7,9,MA.2.C.1.l
scientific-notation,CH-LP21,7,9,MA.1.A.1.j
signed-add-subtract-rational,CH-LP21,7,9,MA.1.A.3.i
signed-multiply-divide,CH-LP21,7,9,MA.1.A.3.i
similar-figures-ratios,CH-LP21,7,9,MA.2.A.1.l
simple-interest,CH-LP21,7,9,MA.3.A.1.l
special-products,CH-LP21,7,9,MA.1.A.4.l
symmetry-central,CH-LP21,7,9,MA.2.A.2.h
trapezoid-area,CH-LP21,7,9,MA.2.A.3.g
triangle-area,CH-LP21,7,9,MA.2.A.3.g
triangle-classify,CH-LP21,7,9,MA.2.A.1.i
triangle-congruence,CH-LP21,7,9,MA.2.A.1.k
triangle-heights,CH-LP21,7,7,MA.2.A.1.i
written-multiply-multidigit,CH-LP21,7,7,MA.1.A.3.g
compound-unit-conversion,CH-LP21,8,9,MA.3.A.2.k
linear-function-from-points,CH-LP21,8,9,MA.3.A.3.k
linear-model-meaning,CH-LP21,8,9,MA.3.C.2.g
linear-system-elimination,CH-LP21,8,9,MA.1.A.4.m
modeling-linear-relation,CH-LP21,8,9,MA.3.C.2.f
round-solids-surface,CH-LP21,8,8,MA.2.A.3.j
thales-theorem,CH-LP21,8,9,MA.2.A.3.j
analytic-lines,CH-LP21,9,9,MA.3.A.3.j
counting-rules,CH-LP21,9,9,MA.3.A.1.n
density-modeling,CH-LP21,9,9,MA.3.A.1.m
exponential-function-value,CH-LP21,9,9,MA.3.A.1.n
exponential-vs-linear,CH-LP21,9,9,MA.1.C.2.k
function-graph-reading,CH-LP21,9,9,MA.3.A.3.g
inscribed-central-angles,CH-LP21,9,9,MA.2.B.2.g
polynomial-factoring,CH-LP21,9,9,MA.1.A.4.j
quadratic-equation,CH-LP21,9,9,MA.1.A.4.l
rational-equation,CH-LP21,9,9,MA.1.A.4.m
rational-expressions,CH-LP21,9,9,MA.1.A.3.i
roots-nth,CH-LP21,9,9,MA.1.A.1.k
sequence-nth-term,CH-LP21,9,9,MA.1.C.2.j
similar-solids,CH-LP21,9,9,MA.2.A.3.k
absolute-value,CH-RLP24,10,12,LG1.1
analytic-lines,CH-RLP24,10,12,LG3.8
area-integral,CH-RLP24,10,12,LG2.10
arithmetic-mean,CH-RLP24,10,12,LG4.5
average-rate-of-change,CH-RLP24,10,12,LG2.6
bearings,CH-RLP24,10,10,LG3.4
bernoulli-trials,CH-RLP24,10,12,LG4.4
binomial-coefficient,CH-RLP24,10,12,LG4.1
circle-equation,CH-RLP24,10,12,LG3.8
circle-line-intersection,CH-RLP24,10,12,LG3.9
circle-measures,CH-RLP24,10,12,LG3.1
circle-tangent-line,CH-RLP24,10,12,LG3.9
compound-interest,CH-RLP24,10,12,LG2.4
conditional-probability,CH-RLP24,10,12,LG4.4
counting-rules,CH-RLP24,10,12,LG4.1
cross-product,CH-RLP24,10,10,LG3.7
data-distribution-compare,CH-RLP24,10,12,LG4.6
data-median,CH-RLP24,10,12,LG4.5
data-plot-read,CH-RLP24,10,12,LG4.6
data-variance,CH-RLP24,10,12,LG4.5
derivative-graph,CH-RLP24,10,12,LG2.6
derivatives,CH-RLP24,10,12,LG2.7
dot-product,CH-RLP24,10,12,LG3.7
dot-product-space,CH-RLP24,10,12,LG3.7
equation-from-context,CH-RLP24,10,10,LG1.4
events-independence,CH-RLP24,10,12,LG4.3
expected-value,CH-RLP24,10,12,LG4.4
exponential-equation,CH-RLP24,10,12,LG1.5
exponential-function-value,CH-RLP24,10,12,LG2.2
exponential-vs-linear,CH-RLP24,10,12,LG2.4
expression-from-words,CH-RLP24,10,10,LG1.2
expression-structure,CH-RLP24,10,11,LG1.3
formula-rearrange,CH-RLP24,10,12,LG1.2
function-comparison,CH-RLP24,10,12,LG2.1
function-composition,CH-RLP24,10,12,LG2.3
function-graph-reading,CH-RLP24,10,12,LG2.1
function-limits,CH-RLP24,10,12,LG2.5
geometric-design-optimization,CH-RLP24,10,11,LG2.9
graph-reflections,CH-RLP24,10,12,LG2.3
graph-transformations,CH-RLP24,10,12,LG2.3
grouped-frequency-mean,CH-RLP24,10,11,LG4.5
inscribed-central-angles,CH-RLP24,10,12,LG3.1
integrals,CH-RLP24,10,12,LG2.11
inverse-function,CH-RLP24,10,12,LG2.3
law-of-cosines-sines,CH-RLP24,10,12,LG3.3
line-plane-position,CH-RLP24,10,12,LG3.8
linear-inequality,CH-RLP24,10,12,LG1.5
linear-system-3x3,CH-RLP24,10,12,LG1.5
linear-system-word-problems,CH-RLP24,10,12,LG1.4
lines-in-space,CH-RLP24,10,12,LG3.8
lines3-position,CH-RLP24,10,12,LG3.8
logarithm-evaluate,CH-RLP24,10,12,LG2.2
logarithm-rules,CH-RLP24,10,12,LG1.3
modeling-linear-relation,CH-RLP24,10,11,LG2.4
monotonicity-extrema,CH-RLP24,10,12,LG2.8
multiplication-rule-counting,CH-RLP24,10,12,LG4.1
optimization,CH-RLP24,10,12,LG2.9
planes-in-space,CH-RLP24,10,12,LG3.8
point-line-distance,CH-RLP24,10,10,LG3.9
polynomial-equation,CH-RLP24,10,12,LG1.5
polynomial-factoring,CH-RLP24,10,12,LG1.3
polynomial-operations,CH-RLP24,10,11,LG1.3
power-rules,CH-RLP24,10,12,LG1.3
prism-volume-surface,CH-RLP24,10,12,LG3.1
probability-addition-rule,CH-RLP24,10,12,LG4.3
probability-combinatorial,CH-RLP24,10,12,LG4.2
probability-single-event,CH-RLP24,10,11,LG4.3
probability-two-stage,CH-RLP24,10,12,LG4.4
pyramid-volume-surface,CH-RLP24,10,12,LG3.1
pythagoras,CH-RLP24,10,11,LG3.1
quadratic-equation,CH-RLP24,10,12,LG1.5
quadratic-graph-sketch,CH-RLP24,10,12,LG2.2
quadratic-inequality,CH-RLP24,10,12,LG1.5
quadratic-vertex-form,CH-RLP24,10,12,LG2.2
radian-measure,CH-RLP24,10,12,LG3.2
rational-equation,CH-RLP24,10,12,LG1.5
rational-exponents,CH-RLP24,10,12,LG1.3
rational-expressions,CH-RLP24,10,11,LG1.3
reciprocal-function,CH-RLP24,10,12,LG2.2
repeating-decimal-to-fraction,CH-RLP24,10,10,LG1.1
right-triangle-trig,CH-RLP24,10,12,LG3.3
root-rules,CH-RLP24,10,11,LG1.1
round-solids-surface,CH-RLP24,10,12,LG3.1
sequence-limit,CH-RLP24,10,12,LG2.5
similar-triangles-criteria,CH-RLP24,10,10,LG3.1
tangent-line-derivative,CH-RLP24,10,12,LG2.6
total-probability-bayes,CH-RLP24,10,12,LG4.4
trig-equations,CH-RLP24,10,12,LG3.4
trig-graphs,CH-RLP24,10,12,LG2.2
trig-identities,CH-RLP24,10,12,LG3.2
trig-plane-figures,CH-RLP24,10,12,LG3.4
trig-values,CH-RLP24,10,12,LG3.2
vectors-3d,CH-RLP24,10,12,LG3.6
vectors-basic,CH-RLP24,10,12,LG3.5
vectors-on-grid,CH-RLP24,10,12,LG3.6
volume-of-revolution,CH-RLP24,10,12,LG2.13
weighted-mean,CH-RLP24,10,12,LG4.5
accumulation,CH-RLP24,11,12,LG2.10
correlation-coefficient,CH-RLP24,11,11,LG4.6
add-within-20-no-regrouping,DE-KMK,1,4,
addition-within-100,DE-KMK,1,4,
build-solid-models,DE-KMK,1,4,
classify-objects,DE-KMK,1,4,
classify-solids,DE-KMK,1,4,
clock-reading,DE-KMK,1,4,
compare-size-attributes,DE-KMK,1,4,
counting-in-steps,DE-KMK,1,4,
data-collection,DE-KMK,1,4,
draw-segments,DE-KMK,1,4,
figure-recognition,DE-KMK,1,4,
operation-properties,DE-KMK,1,4,
patterns-rhythms,DE-KMK,1,4,
spatial-directions,DE-KMK,1,4,
spatial-position-words,DE-KMK,1,4,
word-problem-simple,DE-KMK,1,4,
add-within-100-regrouping,DE-KMK,2,4,
chance-vocabulary,DE-KMK,2,4,
check-calculation-error,DE-KMK,2,4,
data-interpretation,DE-KMK,2,4,
data-tables-charts,DE-KMK,2,4,
inverse-operations-check,DE-KMK,2,4,
mental-transformations,DE-KMK,2,4,
money-shopping-change,DE-KMK,2,4,
multiplication-table,DE-KMK,2,4,
subtract-within-100-basic,DE-KMK,2,4,
unit-benchmarks,DE-KMK,2,4,
add-subtract-hundreds,DE-KMK,3,4,
addition-within-1000,DE-KMK,3,4,
area-by-tiling,DE-KMK,3,4,
calendar-dates,DE-KMK,3,4,
capacity-units,DE-KMK,3,4,
chance-estimation,DE-KMK,3,4,
combinatorics-simple,DE-KMK,3,4,
compare-within-1000,DE-KMK,3,4,
compound-units-length,DE-KMK,3,4,
division-table,DE-KMK,3,4,
estimation-everyday,DE-KMK,3,4,
fraction-part-whole,DE-KMK,3,4,
function-table,DE-KMK,3,4,
kilometer-concept,DE-KMK,3,4,
mass-units,DE-KMK,3,4,
measure-mm-cm-m,DE-KMK,3,4,
multiply-by-ten,DE-KMK,3,4,
number-word-form,DE-KMK,3,4,
perimeter-rectangle,DE-KMK,3,4,
perimeter-square,DE-KMK,3,4,
perimeter-triangle,DE-KMK,3,4,
place-value-3digit,DE-KMK,3,4,
placeholder-equation,DE-KMK,3,4,
redundant-data,DE-KMK,3,4,
scaling-grid,DE-KMK,3,4,
solids-nets,DE-KMK,3,4,
successor-predecessor,DE-KMK,3,4,
symmetry-grid,DE-KMK,3,4,
time-duration,DE-KMK,3,4,
word-problem-multistep,DE-KMK,3,4,
written-algorithms,DE-KMK,3,4,
angle-classify,DE-KMK,5,6,
arithmetic-mean,DE-KMK,5,6,
coordinate-distance-aligned,DE-KMK,5,6,
coordinate-point-read,DE-KMK,5,6,
data-median,DE-KMK,5,6,
data-range,DE-KMK,5,6,
data-read-charts,DE-KMK,5,6,
divisibility-rules,DE-KMK,5,6,
estimate-calculation,DE-KMK,5,6,
factors-and-multiples,DE-KMK,5,6,
inverse-operations,DE-KMK,5,6,
long-division-one-digit,DE-KMK,5,6,
long-division-two-digit,DE-KMK,5,6,
number-pattern-rule,DE-KMK,5,6,
order-of-operations-brackets,DE-KMK,5,6,
polygon-perimeter,DE-KMK,5,6,
prime-composite,DE-KMK,5,6,
prime-factorization,DE-KMK,5,6,
rectangle-area,DE-KMK,5,6,
scale-length,DE-KMK,5,6,
solid-nets,DE-KMK,5,6,
solid-recognition,DE-KMK,5,6,
triangle-area,DE-KMK,5,6,
unit-convert-area-volume,DE-KMK,5,6,
unit-convert-capacity,DE-KMK,5,6,
unit-convert-length,DE-KMK,5,6,
unit-convert-mass,DE-KMK,5,6,
written-multiply-multidigit,DE-KMK,5,6,
compound-measure-decimal,DE-KMK,6,6,
cuboid-surface-area,DE-KMK,6,6,
cuboid-volume,DE-KMK,6,6,
decimal-add-subtract,DE-KMK,6,6,
decimal-divide,DE-KMK,6,6,
decimal-multiply,DE-KMK,6,6,
decimal-place-value,DE-KMK,6,6,
decimal-times-power-of-ten,DE-KMK,6,6,
decimal-to-fraction,DE-KMK,6,6,
decimals-compare,DE-KMK,6,6,
decimals-on-number-line,DE-KMK,6,6,
decimals-round,DE-KMK,6,6,
fraction-add-subtract-like,DE-KMK,6,6,
fraction-add-subtract-unlike,DE-KMK,6,6,
fraction-as-division,DE-KMK,6,6,
fraction-common-denominator,DE-KMK,6,6,
fraction-divide-fraction,DE-KMK,6,8,
fraction-divide-unit-whole,DE-KMK,6,8,
fraction-expand,DE-KMK,6,6,
fraction-multiplication-scaling,DE-KMK,6,8,
fraction-of-quantity,DE-KMK,6,6,
fraction-simplify,DE-KMK,6,6,
fraction-times-fraction,DE-KMK,6,8,
fraction-times-whole,DE-KMK,6,8,
fraction-to-decimal,DE-KMK,6,6,
fraction-to-repeating-decimal,DE-KMK,6,6,
fractions-compare,DE-KMK,6,6,
fractions-compare-unlike,DE-KMK,6,6,
fractions-on-number-line,DE-KMK,6,6,
greatest-common-factor,DE-KMK,6,6,
integers-compare,DE-KMK,6,6,
integers-in-context,DE-KMK,6,6,
integers-on-number-line,DE-KMK,6,6,
least-common-multiple,DE-KMK,6,6,
mixed-number-conversion,DE-KMK,6,6,
unit-fractions,DE-KMK,6,6,
angle-sum-polygon,DE-KMK,7,8,
angles-missing-part,DE-KMK,7,8,
binomial-product,DE-KMK,7,8,
coordinate-transformations,DE-KMK,7,8,
distributive-property,DE-KMK,7,8,
equation-both-sides,DE-KMK,7,8,
equation-check-solution,DE-KMK,7,8,
equation-two-step,DE-KMK,7,8,
expression-evaluate,DE-KMK,7,8,
geometric-constructions,DE-KMK,7,8,
graph-change-over-time,DE-KMK,7,8,
integers-add-subtract,DE-KMK,7,7,
integers-distance,DE-KMK,7,7,
inverse-proportion,DE-KMK,7,8,
like-terms,DE-KMK,7,8,
linear-function-point-check,DE-KMK,7,8,
linear-function-slope,DE-KMK,7,8,
linear-function-value,DE-KMK,7,8,
linear-function-zero,DE-KMK,7,8,
linear-system-two,DE-KMK,7,8,
multiplication-rule-counting,DE-KMK,7,8,
parallelogram-area,DE-KMK,7,8,
percent-change,DE-KMK,7,8,
percent-find-whole,DE-KMK,7,8,
percent-of-quantity,DE-KMK,7,8,
percent-what-percent,DE-KMK,7,8,
probability-single-event,DE-KMK,7,8,
probability-two-stage,DE-KMK,7,8,
proportion-missing-value,DE-KMK,7,8,
relative-frequency-estimate,DE-KMK,7,8,
relative-frequency-from-trials,DE-KMK,7,8,
signed-add-subtract-rational,DE-KMK,7,8,
signed-multiply-divide,DE-KMK,7,8,
simple-interest,DE-KMK,7,8,
trapezoid-area,DE-KMK,7,8,
triangle-congruence,DE-KMK,7,8,
triangle-inequality,DE-KMK,7,8,
unit-rate,DE-KMK,7,8,
repeating-decimal-to-fraction,DE-KMK,8,9,
circle-measures,DE-KMK,9,10,
cylinder-cone-sphere,DE-KMK,9,10,
power-rules,DE-KMK,9,10,
powers-evaluate,DE-KMK,9,10,
powers-negative-exponent,DE-KMK,9,10,
prism-volume-surface,DE-KMK,9,10,
pyramid-volume-surface,DE-KMK,9,10,
pythagoras,DE-KMK,9,10,
roots-estimate,DE-KMK,9,10,
roots-evaluate,DE-KMK,9,10,
scientific-notation,DE-KMK,9,10,
accumulation,DE-KMK,11,12,
area-integral,DE-KMK,11,12,
average-rate-of-change,DE-KMK,11,12,
bernoulli-trials,DE-KMK,11,12,
conditional-probability,DE-KMK,11,12,
data-variance,DE-KMK,11,12,
derivative-graph,DE-KMK,11,12,
derivatives,DE-KMK,11,12,
dot-product,DE-KMK,11,12,
dot-product-space,DE-KMK,11,12,
events-independence,DE-KMK,11,12,
expected-value,DE-KMK,11,12,
exponential-function-value,DE-KMK,11,12,
function-composition,DE-KMK,11,12,
function-graph-reading,DE-KMK,11,12,
graph-transformations,DE-KMK,11,12,
integrals,DE-KMK,11,12,
line-plane-position,DE-KMK,11,12,
linear-approximation,DE-KMK,11,12,
linear-system-3x3,DE-KMK,11,12,
linear-system-elimination,DE-KMK,11,12,
lines-in-space,DE-KMK,11,12,
lines3-position,DE-KMK,11,12,
markov-limit,DE-KMK,11,12,
matrix-determinant-inverse,DE-KMK,11,12,
matrix-operations,DE-KMK,11,12,
matrix-powers,DE-KMK,11,12,
monotonicity-extrema,DE-KMK,11,12,
natural-logarithm,DE-KMK,11,12,
normal-distribution,DE-KMK,11,12,
planes-in-space,DE-KMK,11,12,
quadratic-function-value,DE-KMK,11,12,
sampling-inference,DE-KMK,11,12,
sequence-limit,DE-KMK,11,12,
tangent-line-derivative,DE-KMK,11,12,
total-probability-bayes,DE-KMK,11,12,
trig-graphs,DE-KMK,11,12,
vectors-3d,DE-KMK,11,12,
vectors-basic,DE-KMK,11,12,
volume-of-revolution,DE-KMK,11,12,
weighted-mean,DE-KMK,11,12,
angle-classify,DE-NW,5,6,
arithmetic-mean,DE-NW,5,6,
coordinate-distance-aligned,DE-NW,5,6,
coordinate-point-read,DE-NW,5,6,
data-median,DE-NW,5,6,
data-range,DE-NW,5,6,
data-read-charts,DE-NW,5,6,
divisibility-rules,DE-NW,5,6,
estimate-calculation,DE-NW,5,6,
factors-and-multiples,DE-NW,5,6,
inverse-operations,DE-NW,5,6,
long-division-one-digit,DE-NW,5,6,
long-division-two-digit,DE-NW,5,6,
number-pattern-rule,DE-NW,5,6,
order-of-operations-brackets,DE-NW,5,6,
polygon-perimeter,DE-NW,5,6,
prime-composite,DE-NW,5,6,
prime-factorization,DE-NW,5,6,
rectangle-area,DE-NW,5,6,
scale-length,DE-NW,5,6,
solid-nets,DE-NW,5,6,
solid-recognition,DE-NW,5,6,
triangle-area,DE-NW,5,6,
unit-convert-area-volume,DE-NW,5,6,
unit-convert-capacity,DE-NW,5,6,
unit-convert-length,DE-NW,5,6,
unit-convert-mass,DE-NW,5,6,
written-multiply-multidigit,DE-NW,5,6,
compound-measure-decimal,DE-NW,6,6,
cuboid-surface-area,DE-NW,6,6,
cuboid-volume,DE-NW,6,6,
decimal-add-subtract,DE-NW,6,6,
decimal-divide,DE-NW,6,6,
decimal-multiply,DE-NW,6,6,
decimal-place-value,DE-NW,6,6,
decimal-times-power-of-ten,DE-NW,6,6,
decimal-to-fraction,DE-NW,6,6,
decimals-compare,DE-NW,6,6,
decimals-on-number-line,DE-NW,6,6,
decimals-round,DE-NW,6,6,
fraction-add-subtract-like,DE-NW,6,6,
fraction-add-subtract-unlike,DE-NW,6,6,
fraction-as-division,DE-NW,6,6,
fraction-common-denominator,DE-NW,6,6,
fraction-divide-fraction,DE-NW,6,6,
fraction-divide-unit-whole,DE-NW,6,6,
fraction-expand,DE-NW,6,6,
fraction-multiplication-scaling,DE-NW,6,6,
fraction-of-quantity,DE-NW,6,6,
fraction-part-whole,DE-NW,6,6,
fraction-simplify,DE-NW,6,6,
fraction-times-fraction,DE-NW,6,6,
fraction-times-whole,DE-NW,6,6,
fraction-to-decimal,DE-NW,6,6,
fraction-to-repeating-decimal,DE-NW,6,6,
fractions-compare,DE-NW,6,6,
fractions-compare-unlike,DE-NW,6,6,
fractions-on-number-line,DE-NW,6,6,
greatest-common-factor,DE-NW,6,6,
integers-compare,DE-NW,6,6,
integers-in-context,DE-NW,6,6,
integers-on-number-line,DE-NW,6,6,
least-common-multiple,DE-NW,6,6,
mixed-number-conversion,DE-NW,6,6,
unit-fractions,DE-NW,6,6,
angle-sum-polygon,DE-NW,7,8,
angles-missing-part,DE-NW,7,8,
binomial-product,DE-NW,7,8,
coordinate-transformations,DE-NW,7,8,
distributive-property,DE-NW,7,8,
equation-both-sides,DE-NW,7,8,
equation-check-solution,DE-NW,7,8,
equation-two-step,DE-NW,7,8,
expression-evaluate,DE-NW,7,8,
fraction-divide-fraction,DE-NW,7,8,
fraction-divide-unit-whole,DE-NW,7,8,
fraction-multiplication-scaling,DE-NW,7,8,
fraction-times-fraction,DE-NW,7,8,
fraction-times-whole,DE-NW,7,8,
geometric-constructions,DE-NW,7,8,
graph-change-over-time,DE-NW,7,8,
integers-add-subtract,DE-NW,7,7,
integers-distance,DE-NW,7,7,
inverse-proportion,DE-NW,7,8,
like-terms,DE-NW,7,8,
linear-function-point-check,DE-NW,7,8,
linear-function-slope,DE-NW,7,8,
linear-function-value,DE-NW,7,8,
linear-function-zero,DE-NW,7,8,
linear-system-two,DE-NW,7,8,
multiplication-rule-counting,DE-NW,7,8,
parallelogram-area,DE-NW,7,8,
percent-change,DE-NW,7,8,
percent-find-whole,DE-NW,7,8,
percent-of-quantity,DE-NW,7,8,
percent-what-percent,DE-NW,7,8,
probability-single-event,DE-NW,7,8,
probability-two-stage,DE-NW,7,8,
proportion-missing-value,DE-NW,7,8,
relative-frequency-estimate,DE-NW,7,8,
relative-frequency-from-trials,DE-NW,7,8,
repeating-decimal-to-fraction,DE-NW,7,8,
signed-add-subtract-rational,DE-NW,7,8,
signed-multiply-divide,DE-NW,7,8,
simple-interest,DE-NW,7,8,
trapezoid-area,DE-NW,7,8,
triangle-congruence,DE-NW,7,8,
triangle-inequality,DE-NW,7,8,
unit-rate,DE-NW,7,8,
circle-measures,DE-NW,9,10,
cylinder-cone-sphere,DE-NW,9,10,
function-graph-reading,DE-NW,9,10,
linear-system-two,DE-NW,9,10,
plane-transformations,DE-NW,9,10,
power-rules,DE-NW,9,10,
powers-evaluate,DE-NW,9,10,
powers-negative-exponent,DE-NW,9,10,
prism-volume-surface,DE-NW,9,10,
probability-two-stage,DE-NW,9,10,
pyramid-volume-surface,DE-NW,9,10,
pythagoras,DE-NW,9,10,
quadratic-function-value,DE-NW,9,9,
root-rules,DE-NW,9,10,
roots-estimate,DE-NW,9,10,
roots-evaluate,DE-NW,9,10,
scientific-notation,DE-NW,9,10,
exponential-function-value,DE-NW,10,10,
graph-transformations,DE-NW,10,10,
average-rate-of-change,DE-NW,11,11,
derivative-graph,DE-NW,11,11,
derivatives,DE-NW,11,11,
function-composition,DE-NW,11,11,
linear-approximation,DE-NW,11,11,
linear-system-elimination,DE-NW,11,11,
monotonicity-extrema,DE-NW,11,11,
sequence-limit,DE-NW,11,11,
tangent-line-derivative,DE-NW,11,11,
trig-graphs,DE-NW,11,11,
accumulation,DE-NW,12,12,
area-integral,DE-NW,12,12,
bernoulli-trials,DE-NW,12,12,
conditional-probability,DE-NW,12,12,
data-variance,DE-NW,12,12,
dot-product,DE-NW,12,12,
dot-product-space,DE-NW,12,12,
events-independence,DE-NW,12,12,
expected-value,DE-NW,12,12,
integrals,DE-NW,12,12,
line-plane-position,DE-NW,12,12,
linear-system-3x3,DE-NW,12,12,
lines-in-space,DE-NW,12,12,
lines3-position,DE-NW,12,12,
markov-limit,DE-NW,12,12,
matrix-determinant-inverse,DE-NW,12,12,
matrix-linear-systems,DE-NW,12,12,
matrix-operations,DE-NW,12,12,
matrix-powers,DE-NW,12,12,
natural-logarithm,DE-NW,12,12,
normal-distribution,DE-NW,12,12,
planes-in-space,DE-NW,12,12,
sampling-inference,DE-NW,12,12,
total-probability-bayes,DE-NW,12,12,
vectors-3d,DE-NW,12,12,
vectors-basic,DE-NW,12,12,
volume-of-revolution,DE-NW,12,12,
weighted-mean,DE-NW,12,12,
add-within-20-no-regrouping,ES-LOMLOE,1,2,C1.A.3.1
addition-within-100,ES-LOMLOE,1,2,C1.A.3.2
classify-objects,ES-LOMLOE,1,2,C1.E.1.2
clock-reading,ES-LOMLOE,1,4,C1.B.1.3
compare-size-attributes,ES-LOMLOE,1,2,C1.B.1.1
compare-within-100,ES-LOMLOE,1,2,C1.A.4.2
count-objects,ES-LOMLOE,1,2,C1.A.1.1
counting-in-steps,ES-LOMLOE,1,4,C1.A.1.1
data-collection,ES-LOMLOE,1,4,C1.E.1.2
data-tables-charts,ES-LOMLOE,1,9,C1.E.1.1
figure-recognition,ES-LOMLOE,1,4,C1.C.1.1
inverse-operations-check,ES-LOMLOE,1,4,C1.A.4.3
measure-mm-cm-m,ES-LOMLOE,1,4,C1.B.1.2
number-word-form,ES-LOMLOE,1,2,C1.A.2.2
operation-properties,ES-LOMLOE,1,4,C1.A.3.2
ordinal-numbers,ES-LOMLOE,1,2,C1.A.4.2
patterns-rhythms,ES-LOMLOE,1,4,C1.D.1.1
place-value-tens-ones,ES-LOMLOE,1,2,C1.A.2.2
placeholder-equation,ES-LOMLOE,1,4,C1.D.3.1
spatial-directions,ES-LOMLOE,1,6,C1.C.2.1
spatial-position-words,ES-LOMLOE,1,2,C1.C.2.1
subtract-within-100-basic,ES-LOMLOE,1,2,C1.A.3.2
successor-predecessor,ES-LOMLOE,1,2,C1.A.2.2
word-problem-simple,ES-LOMLOE,1,4,C1.A.3.2
add-subtract-hundreds,ES-LOMLOE,2,4,C1.A.3.1
add-within-100-regrouping,ES-LOMLOE,2,2,C1.A.3.2
addition-within-1000,ES-LOMLOE,2,2,C1.A.3.2
calendar-dates,ES-LOMLOE,2,2,C1.B.1.3
capacity-units,ES-LOMLOE,2,4,C1.B.1.2
compare-within-1000,ES-LOMLOE,2,4,C1.A.4.2
data-interpretation,ES-LOMLOE,2,6,C1.E.1.1
estimation-everyday,ES-LOMLOE,2,4,C1.A.2.1
mass-units,ES-LOMLOE,2,4,C1.B.1.2
money-shopping-change,ES-LOMLOE,2,4,C1.A.5.1
number-line,ES-LOMLOE,2,4,C1.A.2.2
place-value-3digit,ES-LOMLOE,2,2,C1.A.2.2
unit-benchmarks,ES-LOMLOE,2,4,C1.B.1.2
area-by-tiling,ES-LOMLOE,3,6,C2.B.1.1
chance-vocabulary,ES-LOMLOE,3,4,C2.E.2.1
classify-solids,ES-LOMLOE,3,4,C2.C.1.1
compose-shapes,ES-LOMLOE,3,4,C2.C.1.2
compound-units-length,ES-LOMLOE,3,4,C2.B.1.2
data-mode,ES-LOMLOE,3,9,C2.E.1.4
directional-lines,ES-LOMLOE,3,4,C2.C.2.1
division-table,ES-LOMLOE,3,4,C2.A.3.4
fraction-part-whole,ES-LOMLOE,3,4,C2.A.2.4
function-table,ES-LOMLOE,3,10,C2.D.2.1
kilometer-concept,ES-LOMLOE,3,4,C2.B.1.2
mental-transformations,ES-LOMLOE,3,6,C2.C.2.2
multiplication-table,ES-LOMLOE,3,4,C2.A.3.3
multiply-by-ten,ES-LOMLOE,3,4,C2.A.3.1
multiply-by-tens,ES-LOMLOE,3,4,C2.A.3.1
multiply-two-digit-by-two,ES-LOMLOE,3,4,C2.A.3.4
order-of-operations,ES-LOMLOE,3,4,C2.D.3.1
perimeter-rectangle,ES-LOMLOE,3,4,C2.C.4.1
perimeter-square,ES-LOMLOE,3,4,C2.C.4.1
perimeter-triangle,ES-LOMLOE,3,4,C2.C.4.1
rounding-10-100,ES-LOMLOE,3,4,C2.A.2.1
symmetry-grid,ES-LOMLOE,3,4,C2.C.3.1
time-duration,ES-LOMLOE,3,4,C2.B.1.3
word-problem-multistep,ES-LOMLOE,3,6,C2.A.3.2
written-algorithms,ES-LOMLOE,3,4,C2.A.3.4
angle-classify,ES-LOMLOE,4,6,C2.B.1.1
calendar-calculations,ES-LOMLOE,4,4,C2.B.1.3
chance-estimation,ES-LOMLOE,4,6,C2.E.2.3
data-read-charts,ES-LOMLOE,4,10,C2.E.1.1
data-read-charts,ES-LOMLOE,4,11,G1.A.2.1
elapsed-time-hms,ES-LOMLOE,4,6,C2.B.1.3
equation-one-step,ES-LOMLOE,4,6,C2.D.3.2
estimate-calculation,ES-LOMLOE,4,9,C2.A.2.2
fraction-of-quantity,ES-LOMLOE,4,4,C2.A.2.4
fractions-compare,ES-LOMLOE,4,6,C2.A.4.2
fractions-on-number-line,ES-LOMLOE,4,9,C2.A.4.2
lines-parallel-perpendicular,ES-LOMLOE,4,4,C2.C.2.1
long-division-one-digit,ES-LOMLOE,4,4,C2.A.3.4
money-calculations,ES-LOMLOE,4,11,G1.A.2.1
money-calculations,ES-LOMLOE,4,9,C2.A.5.1
number-pattern-rule,ES-LOMLOE,4,11,G1.D.1.1
number-pattern-rule,ES-LOMLOE,4,9,C2.D.1.1
place-value-multidigit,ES-LOMLOE,4,6,C2.A.2.1
polygon-perimeter,ES-LOMLOE,4,6,C2.C.4.1
quadrilateral-classify,ES-LOMLOE,4,6,C2.C.1.1
solid-recognition,ES-LOMLOE,4,6,C2.C.1.1
symmetry-axial,ES-LOMLOE,4,9,C2.C.3.1
triangle-classify,ES-LOMLOE,4,9,C2.C.1.1
unit-convert-capacity,ES-LOMLOE,4,6,C2.B.3.1
unit-convert-length,ES-LOMLOE,4,6,C2.B.3.1
unit-convert-mass,ES-LOMLOE,4,6,C2.B.3.1
unit-fractions,ES-LOMLOE,4,4,C2.A.2.4
written-add-subtract-multidigit,ES-LOMLOE,4,4,C2.A.3.4
written-multiply-one-digit,ES-LOMLOE,4,4,C2.A.3.4
angle-measure-protractor,ES-LOMLOE,5,6,C3.B.1.1
arithmetic-mean,ES-LOMLOE,5,9,C3.E.1.4
circle-parts,ES-LOMLOE,5,6,C3.C.1.1
combinatorics-simple,ES-LOMLOE,5,6,C3.A.1.1
compare-difference-ratio,ES-LOMLOE,5,6,C3.A.5.1
compound-measure-decimal,ES-LOMLOE,5,6,C3.B.3.1
counting-with-conditions,ES-LOMLOE,5,9,C3.A.1.1
counting-with-conditions,ES-LOMLOE,5,11,G1.A.1.1
decimal-add-subtract,ES-LOMLOE,5,6,C3.A.3.4
decimal-divide,ES-LOMLOE,5,9,C3.A.3.4
decimal-multiply,ES-LOMLOE,5,9,C3.A.3.4
decimal-place-value,ES-LOMLOE,5,6,C3.A.2.3
decimal-times-power-of-ten,ES-LOMLOE,5,6,C3.A.3.1
decimal-to-fraction,ES-LOMLOE,5,9,C3.A.2.4
decimals-compare,ES-LOMLOE,5,9,C3.A.4.2
decimals-on-number-line,ES-LOMLOE,5,9,C3.A.2.3
decimals-round,ES-LOMLOE,5,6,C3.A.2.2
divisibility-rules,ES-LOMLOE,5,6,C3.A.4.4
equation-from-context,ES-LOMLOE,5,10,C3.D.2.1
expression-simple-evaluate,ES-LOMLOE,5,6,C3.D.3.1
factors-and-multiples,ES-LOMLOE,5,9,C3.A.4.4
fraction-add-subtract-like,ES-LOMLOE,5,6,C3.A.3.4
fraction-add-subtract-unlike,ES-LOMLOE,5,9,C3.A.3.4
fraction-common-denominator,ES-LOMLOE,5,6,C3.A.3.4
fraction-expand,ES-LOMLOE,5,6,C3.A.4.5
fraction-simplify,ES-LOMLOE,5,6,C3.A.4.5
fraction-times-fraction,ES-LOMLOE,5,9,C3.A.3.4
fraction-times-whole,ES-LOMLOE,5,6,C3.A.3.4
fraction-to-decimal,ES-LOMLOE,5,9,C3.A.2.4
fractions-compare-unlike,ES-LOMLOE,5,9,C3.A.4.2
greatest-common-factor,ES-LOMLOE,5,9,C3.A.4.4
inverse-operations,ES-LOMLOE,5,9,C3.A.4.3
least-common-multiple,ES-LOMLOE,5,9,C3.A.4.4
long-division-two-digit,ES-LOMLOE,5,6,C3.A.3.4
mental-calculation-properties,ES-LOMLOE,5,9,C3.A.3.1
mixed-number-conversion,ES-LOMLOE,5,6,C3.A.2.4
order-of-operations-brackets,ES-LOMLOE,5,9,C3.A.3.2
powers-whole-fraction,ES-LOMLOE,5,6,C3.A.3.3
prime-composite,ES-LOMLOE,5,6,C3.A.4.4
proportion-missing-value,ES-LOMLOE,5,11,G1.A.3.1
proportion-missing-value,ES-LOMLOE,5,10,C3.A.5.2
rectangle-area,ES-LOMLOE,5,6,C3.C.4.1
round-whole-numbers,ES-LOMLOE,5,6,C3.A.2.1
scaling-grid,ES-LOMLOE,5,6,C3.C.3.2
solid-elements,ES-LOMLOE,5,9,C3.C.1.1
trapezoid-area,ES-LOMLOE,5,6,C3.C.4.1
triangle-area,ES-LOMLOE,5,6,C3.C.4.1
two-patterns-relationship,ES-LOMLOE,5,6,C3.D.1.1
unit-convert-area-volume,ES-LOMLOE,5,9,C3.B.1.1
unit-rate,ES-LOMLOE,5,9,C3.A.5.2
unit-rate,ES-LOMLOE,5,11,G1.A.3.1
written-multiply-multidigit,ES-LOMLOE,5,6,C3.A.3.4
compare-two-distributions,ES-LOMLOE,6,9,C3.E.1.7
coordinate-point-read,ES-LOMLOE,6,9,C3.C.2.2
data-range,ES-LOMLOE,6,10,C3.E.1.5
parallelogram-area,ES-LOMLOE,6,6,C3.C.4.1
percent-change,ES-LOMLOE,6,11,S1.A.4.1
percent-change,ES-LOMLOE,6,10,E13.A.5.3
percent-change,ES-LOMLOE,6,9,C3.A.6.1
percent-change,ES-LOMLOE,6,11,G1.A.2.1
percent-of-quantity,ES-LOMLOE,6,9,C3.A.4.5
percent-of-quantity,ES-LOMLOE,6,11,G1.A.3.1
pie-chart-angle,ES-LOMLOE,6,9,C3.E.1.3
probability-single-event,ES-LOMLOE,6,9,C3.E.2.2
relative-frequency-from-trials,ES-LOMLOE,6,11,M1.E.2.1
relative-frequency-from-trials,ES-LOMLOE,6,9,C3.E.2.1
relative-frequency-from-trials,ES-LOMLOE,6,11,S1.E.2.1
scale-length,ES-LOMLOE,6,9,C3.A.5.2
simple-interest,ES-LOMLOE,6,10,E13.A.6.1
simple-interest,ES-LOMLOE,6,11,S1.A.4.1
simple-interest,ES-LOMLOE,6,11,G1.A.4.1
simple-interest,ES-LOMLOE,6,9,C3.A.6.1
angle-sum-polygon,ES-LOMLOE,7,9,E13.C.1.1
area-decomposition,ES-LOMLOE,7,9,E13.B.2.1
binomial-product,ES-LOMLOE,7,9,E13.D.4.2
circle-measures,ES-LOMLOE,7,9,E13.B.2.1
coordinate-distance-pythagoras,ES-LOMLOE,7,11,M1.C.1.2
coordinate-distance-pythagoras,ES-LOMLOE,7,9,E13.C.2.1
coordinate-distance-pythagoras,ES-LOMLOE,7,10,E13.C.2.1
cuboid-surface-area,ES-LOMLOE,7,9,E13.B.2.1
cuboid-volume,ES-LOMLOE,7,9,E13.B.2.1
data-median,ES-LOMLOE,7,9,E13.E.1.4
data-plot-read,ES-LOMLOE,7,9,E13.E.1.2
distance-speed-time,ES-LOMLOE,7,9,E13.A.5.3
distributive-property,ES-LOMLOE,7,9,E13.A.3.5
equation-both-sides,ES-LOMLOE,7,10,E13.D.4.3
equation-both-sides,ES-LOMLOE,7,9,E13.D.4.3
equation-two-step,ES-LOMLOE,7,9,E13.D.4.3
expression-evaluate,ES-LOMLOE,7,10,E13.D.3.1
expression-from-words,ES-LOMLOE,7,9,E13.D.2.1
fraction-divide-fraction,ES-LOMLOE,7,9,E13.A.3.2
fraction-multiplication-scaling,ES-LOMLOE,7,9,E13.A.3.4
fraction-to-repeating-decimal,ES-LOMLOE,7,9,E13.A.2.4
graph-change-over-time,ES-LOMLOE,7,10,E13.D.5.1
integers-add-subtract,ES-LOMLOE,7,9,E13.A.3.2
integers-compare,ES-LOMLOE,7,9,E13.A.4.2
integers-in-context,ES-LOMLOE,7,9,E13.A.2.3
integers-on-number-line,ES-LOMLOE,7,9,E13.A.2.4
inverse-proportion,ES-LOMLOE,7,10,E13.A.5.3
like-terms,ES-LOMLOE,7,9,E13.D.4.2
linear-function-slope,ES-LOMLOE,7,9,E13.D.5.2
linear-function-slope,ES-LOMLOE,7,10,E13.D.5.2
linear-function-value,ES-LOMLOE,7,9,E13.D.5.1
linear-function-zero,ES-LOMLOE,7,9,E13.D.5.3
multiplication-rule-counting,ES-LOMLOE,7,9,E13.A.1.1
multiplication-rule-counting,ES-LOMLOE,7,10,E13.A.1.1
multiplication-rule-counting,ES-LOMLOE,7,11,S1.A.1.1
percent-find-whole,ES-LOMLOE,7,9,E13.A.5.2
percent-what-percent,ES-LOMLOE,7,9,E13.A.2.5
power-rules,ES-LOMLOE,7,11,S1.A.3.1
power-rules,ES-LOMLOE,7,10,E13.A.3.5
powers-evaluate,ES-LOMLOE,7,9,E13.A.2.1
powers-negative-exponent,ES-LOMLOE,7,9,E13.A.2.1
prime-factorization,ES-LOMLOE,7,9,E13.A.4.1
proportional-division,ES-LOMLOE,7,9,E13.A.5.1
pythagoras,ES-LOMLOE,7,9,E13.C.1.2
quadrilateral-angle-properties,ES-LOMLOE,7,9,E13.C.1.1
ratio-simplify,ES-LOMLOE,7,9,E13.A.5.1
rational-multistep,ES-LOMLOE,7,9,E13.A.3.2
regular-polygon-angle,ES-LOMLOE,7,9,E13.C.1.1
roots-estimate,ES-LOMLOE,7,9,E13.A.2.2
roots-estimate,ES-LOMLOE,7,10,E13.A.2.2
roots-estimate,ES-LOMLOE,7,11,S1.A.2.1
roots-evaluate,ES-LOMLOE,7,9,E13.A.2.3
sample-to-population,ES-LOMLOE,7,10,E13.E.3.3
scientific-notation,ES-LOMLOE,7,10,E13.A.2.1
signed-add-subtract-rational,ES-LOMLOE,7,9,E13.A.3.2
signed-multiply-divide,ES-LOMLOE,7,9,E13.A.3.2
solid-nets,ES-LOMLOE,7,9,E13.B.2.2
symmetry-central,ES-LOMLOE,7,9,E13.C.3.1
triangle-congruence,ES-LOMLOE,7,9,E13.C.1.2
triangle-inequality,ES-LOMLOE,7,9,E13.B.2.3
compound-unit-conversion,ES-LOMLOE,8,9,E13.B.1.2
coordinate-transformations,ES-LOMLOE,8,9,E13.C.3.1
cylinder-cone-sphere,ES-LOMLOE,8,9,E13.B.2.1
grouped-frequency-mean,ES-LOMLOE,8,9,E13.E.1.4
linear-system-two,ES-LOMLOE,8,10,E13.D.4.3
linear-system-two,ES-LOMLOE,8,11,G1.D.3.1
prism-volume-surface,ES-LOMLOE,8,9,E13.B.2.1
pyramid-volume-surface,ES-LOMLOE,8,9,E13.B.2.1
repeating-decimal-to-fraction,ES-LOMLOE,8,9,E13.A.4.3
repeating-decimal-to-fraction,ES-LOMLOE,8,10,E13.A.4.3
segment-midpoint,ES-LOMLOE,8,11,M1.C.1.2
segment-midpoint,ES-LOMLOE,8,10,E13.C.2.1
segment-midpoint,ES-LOMLOE,8,9,E13.C.2.1
significant-figures,ES-LOMLOE,8,10,E13.A.2.2
thales-theorem,ES-LOMLOE,8,9,E13.C.1.2
function-graph-reading,ES-LOMLOE,9,10,E13.D.5.3
function-graph-reading,ES-LOMLOE,9,12,S1.D.4.1
function-graph-reading,ES-LOMLOE,9,11,G1.D.4.1
function-graph-reading,ES-LOMLOE,9,12,M1.D.4.2
modeling-linear-relation,ES-LOMLOE,9,11,G1.D.2.1
modeling-linear-relation,ES-LOMLOE,9,10,E13.D.4.1
quadratic-equation,ES-LOMLOE,9,10,E13.D.4.3
quadratic-function-value,ES-LOMLOE,9,10,E13.D.5.2
similar-triangles-criteria,ES-LOMLOE,9,9,E13.C.1.2
special-products,ES-LOMLOE,9,9,E13.D.4.2
analytic-lines,ES-LOMLOE,10,10,E4B.C.2.1
arithmetic-sequence,ES-LOMLOE,10,10,E4A.D.1.1
arithmetic-sequence,ES-LOMLOE,10,11,S1.D.1.1
average-rate-of-change,ES-LOMLOE,10,11,S1.B.2.3
average-rate-of-change,ES-LOMLOE,10,10,E4A.B.2.1
average-rate-of-change,ES-LOMLOE,10,11,M1.B.2.3
average-rate-of-change,ES-LOMLOE,10,11,G1.B.2.1
binomial-coefficient,ES-LOMLOE,10,11,M1.E.2.2
binomial-coefficient,ES-LOMLOE,10,11,S1.A.1.1
compound-interest,ES-LOMLOE,10,10,E4A.A.6.1
counting-rules,ES-LOMLOE,10,10,E4A.A.1.1
counting-rules,ES-LOMLOE,10,11,M1.E.2.2
counting-rules,ES-LOMLOE,10,11,S1.A.1.1
counting-rules,ES-LOMLOE,10,11,G1.A.1.1
data-variance,ES-LOMLOE,10,10,E4A.E.1.3
exponential-function-value,ES-LOMLOE,10,10,E4B.D.5.1
exponential-function-value,ES-LOMLOE,10,11,S1.D.4.2
exponential-function-value,ES-LOMLOE,10,11,G1.D.2.1
exponential-function-value,ES-LOMLOE,10,11,M1.D.4.2
exponential-vs-linear,ES-LOMLOE,10,11,S1.D.2.1
exponential-vs-linear,ES-LOMLOE,10,10,E4A.D.5.1
exponential-vs-linear,ES-LOMLOE,10,11,M1.D.2.1
formula-rearrange,ES-LOMLOE,10,11,S1.D.4.3
formula-rearrange,ES-LOMLOE,10,11,M1.D.4.3
formula-rearrange,ES-LOMLOE,10,10,E4A.D.3.1
function-comparison,ES-LOMLOE,10,10,E4A.D.5.1
function-comparison,ES-LOMLOE,10,12,S1.D.2.1
function-comparison,ES-LOMLOE,10,12,M1.D.2.1
function-comparison,ES-LOMLOE,10,11,G1.D.2.1
geometric-sequence,ES-LOMLOE,10,10,E4B.D.1.1
interval-notation,ES-LOMLOE,10,11,S1.A.2.1
interval-notation,ES-LOMLOE,10,10,E4A.A.4.2
line-parabola-system,ES-LOMLOE,10,10,E4B.D.4.2
linear-function-from-points,ES-LOMLOE,10,10,E4A.D.5.2
linear-function-from-points,ES-LOMLOE,10,11,M1.C.2.2
linear-inequality,ES-LOMLOE,10,10,E4A.D.4.2
linear-model-scatter,ES-LOMLOE,10,11,S1.E.1.2
linear-model-scatter,ES-LOMLOE,10,10,E4A.E.1.5
linear-model-scatter,ES-LOMLOE,10,11,G1.E.1.3
linear-model-scatter,ES-LOMLOE,10,11,M1.E.1.2
measurement-accuracy,ES-LOMLOE,10,10,E4A.A.2.1
number-line-inequality,ES-LOMLOE,10,10,E4A.A.4.2
polynomial-factoring,ES-LOMLOE,10,10,E4A.D.4.2
probability-combinatorial,ES-LOMLOE,10,10,E4A.E.2.2
probability-combinatorial,ES-LOMLOE,10,11,M1.E.2.2
probability-combinatorial,ES-LOMLOE,10,11,S1.E.2.2
probability-two-stage,ES-LOMLOE,10,11,G1.E.2.1
probability-two-stage,ES-LOMLOE,10,12,M2.E.1.1
probability-two-stage,ES-LOMLOE,10,10,E4A.E.2.1
probability-two-stage,ES-LOMLOE,10,12,S1.E.2.2
proportion-equation,ES-LOMLOE,10,10,E4A.D.4.1
quadratic-graph-sketch,ES-LOMLOE,10,10,E4A.D.3.2
quadratic-vertex-form,ES-LOMLOE,10,11,G1.D.4.1
rational-equation,ES-LOMLOE,10,10,E4B.D.4.2
rational-exponents,ES-LOMLOE,10,10,E4B.A.1.3
reciprocal-function,ES-LOMLOE,10,10,E4A.D.4.1
reciprocal-function,ES-LOMLOE,10,11,S1.D.4.2
reciprocal-function,ES-LOMLOE,10,11,M1.D.4.2
right-triangle-trig,ES-LOMLOE,10,10,E4B.B.1.1
root-rules,ES-LOMLOE,10,11,S1.A.3.1
root-rules,ES-LOMLOE,10,11,M1.A.1.2
root-rules,ES-LOMLOE,10,10,E4A.A.3.1
sequence-nth-term,ES-LOMLOE,10,10,E13.D.1.1
sequence-nth-term,ES-LOMLOE,10,11,M1.D.1.1
sequence-terms,ES-LOMLOE,10,12,S1.D.1.1
sequence-terms,ES-LOMLOE,10,12,M1.D.1.1
sequence-terms,ES-LOMLOE,10,11,G1.D.1.1
triangle-area-coordinates,ES-LOMLOE,10,10,E4B.C.2.1
trig-values,ES-LOMLOE,10,10,E4B.B.1.1
two-way-table,ES-LOMLOE,10,11,G1.E.1.2
two-way-table,ES-LOMLOE,10,12,S1.E.1.1
two-way-table,ES-LOMLOE,10,12,M1.E.1.1
two-way-table,ES-LOMLOE,10,10,E4A.E.1.1
absolute-value,ES-LOMLOE,11,11,M1.D.3.1
analytic-lines,ES-LOMLOE,11,11,M1.C.1.1
bernoulli-trials,ES-LOMLOE,11,12,S1.E.3.2
bernoulli-trials,ES-LOMLOE,11,11,G1.E.3.1
circle-equation,ES-LOMLOE,11,11,M1.C.1.1
complex-arithmetic,ES-LOMLOE,11,11,M1.A.2.1
complex-quadratic-roots,ES-LOMLOE,11,11,M1.A.2.1
compound-interest,ES-LOMLOE,11,11,G1.A.4.1
compound-interest,ES-LOMLOE,11,11,S1.A.4.1
conditional-probability,ES-LOMLOE,11,11,G1.E.2.1
correlation-coefficient,ES-LOMLOE,11,11,G1.E.1.4
correlation-coefficient,ES-LOMLOE,11,11,M1.E.1.3
correlation-coefficient,ES-LOMLOE,11,11,S1.E.1.3
data-distribution-compare,ES-LOMLOE,11,11,G1.E.1.1
derivatives,ES-LOMLOE,11,11,S1.B.2.3
derivatives,ES-LOMLOE,11,12,M1.B.2.3
derivatives,ES-LOMLOE,11,11,G1.B.2.2
dot-product,ES-LOMLOE,11,11,M1.A.1.1
events-independence,ES-LOMLOE,11,11,G1.E.2.1
expected-value,ES-LOMLOE,11,12,S1.E.3.1
exponential-equation,ES-LOMLOE,11,11,S1.D.3.1
exponential-equation,ES-LOMLOE,11,11,M1.D.3.1
function-composition,ES-LOMLOE,11,11,M1.D.4.2
function-limits,ES-LOMLOE,11,12,M1.B.2.1
function-limits,ES-LOMLOE,11,12,S1.B.2.1
geometric-sequence,ES-LOMLOE,11,11,S1.D.1.1
graph-euler-formula,ES-LOMLOE,11,11,G1.C.1.1
graph-shortest-path,ES-LOMLOE,11,11,G1.C.1.3
graph-transformations,ES-LOMLOE,11,11,M1.D.4.2
inverse-function,ES-LOMLOE,11,11,M1.D.4.2
law-of-cosines-sines,ES-LOMLOE,11,11,M1.B.1.1
line-parabola-system,ES-LOMLOE,11,11,M1.D.3.1
line-parabola-system,ES-LOMLOE,11,11,S1.D.3.1
linear-inequality-two-variables,ES-LOMLOE,11,11,G1.D.2.2
linear-programming,ES-LOMLOE,11,11,G1.D.2.2
linear-system-elimination,ES-LOMLOE,11,12,M1.D.2.2
linear-system-word-problems,ES-LOMLOE,11,12,M1.D.2.2
linear-system-word-problems,ES-LOMLOE,11,12,S1.D.2.2
logarithm-evaluate,ES-LOMLOE,11,11,M1.D.4.2
logarithm-evaluate,ES-LOMLOE,11,11,S1.A.3.1
logarithm-evaluate,ES-LOMLOE,11,11,G1.D.4.1
logarithm-rules,ES-LOMLOE,11,11,S1.A.3.1
logarithm-rules,ES-LOMLOE,11,11,M1.D.4.2
modeling-constraints,ES-LOMLOE,11,11,G1.D.2.2
modeling-inequality-one-variable,ES-LOMLOE,11,11,S1.D.2.2
modeling-inequality-one-variable,ES-LOMLOE,11,11,M1.D.2.2
normal-distribution,ES-LOMLOE,11,11,G1.E.3.1
normal-distribution,ES-LOMLOE,11,12,S1.E.3.2
periodic-functions,ES-LOMLOE,11,11,M1.D.4.2
polynomial-division,ES-LOMLOE,11,11,M1.D.4.3
polynomial-equation,ES-LOMLOE,11,11,M1.D.3.1
polynomial-inequality,ES-LOMLOE,11,11,M1.D.3.1
quadratic-graph-sketch,ES-LOMLOE,11,11,S1.D.4.1
quadratic-inequality,ES-LOMLOE,11,11,M1.D.3.1
quadratic-inequality,ES-LOMLOE,11,11,S1.D.3.1
radian-measure,ES-LOMLOE,11,11,M1.B.1.1
rational-equation,ES-LOMLOE,11,11,S1.D.3.1
rational-equation,ES-LOMLOE,11,11,M1.D.3.1
rational-exponents,ES-LOMLOE,11,11,S1.A.3.1
rational-expressions,ES-LOMLOE,11,11,M1.D.4.3
relative-frequency-estimate,ES-LOMLOE,11,11,M1.E.2.1
relative-frequency-estimate,ES-LOMLOE,11,11,S1.E.2.1
sampling-inference,ES-LOMLOE,11,12,S1.E.4.2
sequence-limit,ES-LOMLOE,11,12,M1.B.2.1
tangent-line-derivative,ES-LOMLOE,11,11,G1.B.2.2
tangent-line-derivative,ES-LOMLOE,11,11,S1.B.2.3
tangent-line-derivative,ES-LOMLOE,11,11,M1.B.2.3
total-probability-bayes,ES-LOMLOE,11,11,G1.E.2.1
triangle-area-coordinates,ES-LOMLOE,11,11,M1.C.1.2
trig-equations,ES-LOMLOE,11,11,M1.D.3.1
trig-graphs,ES-LOMLOE,11,11,M1.D.4.2
trig-plane-figures,ES-LOMLOE,11,11,M1.B.1.1
trig-values,ES-LOMLOE,11,11,M1.B.1.1
vectors-basic,ES-LOMLOE,11,11,M1.A.1.1
vectors-on-grid,ES-LOMLOE,11,11,M1.A.2.2
area-integral,ES-LOMLOE,12,12,M2.B.1.2
area-integral,ES-LOMLOE,12,12,S2.B.1.1
bernoulli-trials,ES-LOMLOE,12,12,M2.E.2.2
conditional-probability,ES-LOMLOE,12,12,M2.E.1.1
conditional-probability,ES-LOMLOE,12,12,S2.E.1.1
derivative-graph,ES-LOMLOE,12,12,M2.B.2.2
derivative-graph,ES-LOMLOE,12,12,S2.B.2.2
dot-product-space,ES-LOMLOE,12,12,M2.A.1.1
events-independence,ES-LOMLOE,12,12,M2.E.1.1
events-independence,ES-LOMLOE,12,12,S2.E.1.1
expected-value,ES-LOMLOE,12,12,M2.E.2.1
integrals,ES-LOMLOE,12,12,S2.B.1.1
integrals,ES-LOMLOE,12,12,M2.B.1.2
line-plane-position,ES-LOMLOE,12,12,M2.C.1.1
linear-inequality-two-variables,ES-LOMLOE,12,12,S2.D.2.4
linear-programming,ES-LOMLOE,12,12,S2.D.2.4
linear-system-3x3,ES-LOMLOE,12,12,M2.D.2.2
linear-system-3x3,ES-LOMLOE,12,12,S2.D.2.2
lines-in-space,ES-LOMLOE,12,12,M2.B.1.1
lines3-position,ES-LOMLOE,12,12,M2.C.1.1
markov-limit,ES-LOMLOE,12,12,M2.D.2.3
markov-limit,ES-LOMLOE,12,12,S2.D.2.3
matrix-determinant-3x3,ES-LOMLOE,12,12,M2.A.1.2
matrix-determinant-inverse,ES-LOMLOE,12,12,S2.A.1.2
matrix-determinant-inverse,ES-LOMLOE,12,12,M2.A.1.2
matrix-linear-systems,ES-LOMLOE,12,12,M2.D.2.3
matrix-linear-systems,ES-LOMLOE,12,12,S2.D.2.3
matrix-operations,ES-LOMLOE,12,12,S2.A.1.1
matrix-operations,ES-LOMLOE,12,12,M2.A.1.1
modeling-constraints,ES-LOMLOE,12,12,S2.D.2.4
monotonicity-extrema,ES-LOMLOE,12,12,S2.B.2.1
monotonicity-extrema,ES-LOMLOE,12,12,M2.B.2.2
natural-logarithm,ES-LOMLOE,12,12,M2.B.1.3
normal-distribution,ES-LOMLOE,12,12,M2.E.2.2
optimization,ES-LOMLOE,12,12,M2.B.2.3
optimization,ES-LOMLOE,12,12,S2.B.2.1
planes-in-space,ES-LOMLOE,12,12,M2.B.1.1
total-probability-bayes,ES-LOMLOE,12,12,S2.E.1.2
total-probability-bayes,ES-LOMLOE,12,12,M2.E.1.2
vectors-3d,ES-LOMLOE,12,12,M2.A.1.1
volume-of-revolution,ES-LOMLOE,12,12,M2.B.1.4
add-subtract-hundreds,FR-MEN,1,2,CP.NC.22
add-within-100-regrouping,FR-MEN,1,3,CP.NC.24
add-within-20-no-regrouping,FR-MEN,1,3,CP.NC.15
addition-within-100,FR-MEN,1,2,CP.NC.21
build-solid-models,FR-MEN,1,6,CP.EG.16
classify-solids,FR-MEN,1,3,CP.EG.1
clock-reading,FR-MEN,1,5,CP.GM.15
compare-size-attributes,FR-MEN,1,2,CP.GM.2
compare-within-100,FR-MEN,1,1,CP.NC.1
compound-units-length,FR-MEN,1,3,CP.GM.7
count-objects,FR-MEN,1,2,CP.NC.1
counting-in-steps,FR-MEN,1,2,CP.NC.3
data-tables-charts,FR-MEN,1,6,CP.OGD.1
division-table,FR-MEN,1,3,CP.NC.27
figure-recognition,FR-MEN,1,3,CP.EG.6
inverse-operations-check,FR-MEN,1,1,CP.NC.14
measure-mm-cm-m,FR-MEN,1,3,CP.GM.5
money-shopping-change,FR-MEN,1,3,CP.GM.11
multiplication-table,FR-MEN,1,5,CP.NC.17
number-line,FR-MEN,1,5,CP.NC.8
number-word-form,FR-MEN,1,2,CP.NC.3
ordinal-numbers,FR-MEN,1,2,CP.NC.10
patterns-rhythms,FR-MEN,1,2,CP.NC.13
place-value-tens-ones,FR-MEN,1,1,CP.NC.4
placeholder-equation,FR-MEN,1,5,CP.NC.15
spatial-directions,FR-MEN,1,5,CP.EG.17
spatial-position-words,FR-MEN,1,2,CP.EG.13
subtract-within-100-basic,FR-MEN,1,3,CP.NC.18
successor-predecessor,FR-MEN,1,1,CP.NC.20
unit-benchmarks,FR-MEN,1,4,CP.GM.6
word-problem-multistep,FR-MEN,1,6,CP.NC.30
word-problem-simple,FR-MEN,1,3,CP.NC.14
written-algorithms,FR-MEN,1,3,CP.NC.16
compare-difference,FR-MEN,2,3,CE1.NC.37
compare-within-1000,FR-MEN,2,2,CE1.NC.7
data-interpretation,FR-MEN,2,3,CE1.OGD.2
estimation-everyday,FR-MEN,2,4,CE1.GM.12
fraction-add-subtract-like,FR-MEN,2,5,CE1.NC.21
fraction-part-whole,FR-MEN,2,2,CE1.NC.16
fractions-compare,FR-MEN,2,4,CE1.NC.19
kilometer-concept,FR-MEN,2,3,CE1.GM.1
mass-units,FR-MEN,2,3,CE1.GM.10
multiply-by-ten,FR-MEN,2,3,CE1.NC.30
odd-even,FR-MEN,2,2,CE1.NC.25
operation-properties,FR-MEN,2,3,CE1.NC.24
place-value-3digit,FR-MEN,2,2,CE1.NC.1
time-duration,FR-MEN,2,3,CE1.GM.22
unit-fractions,FR-MEN,2,5,CE1.NC.16
capacity-units,FR-MEN,3,3,CE2.GM.17
combinatorics-simple,FR-MEN,3,5,CE2.NC.34
compare-difference-ratio,FR-MEN,3,10,CE2.NC.33
elapsed-time-hms,FR-MEN,3,6,CE2.GM.26
factors-and-multiples,FR-MEN,3,10,CE2.NC.17
fraction-expand,FR-MEN,3,6,CE2.NC.11
fractions-on-number-line,FR-MEN,3,10,CE2.NC.12
mental-calculation-properties,FR-MEN,3,5,CE2.NC.26
money-calculations,FR-MEN,3,3,CE2.GM.21
multiply-by-tens,FR-MEN,3,5,CE2.NC.23
perimeter-rectangle,FR-MEN,3,3,CE2.GM.10
perimeter-square,FR-MEN,3,3,CE2.GM.10
perimeter-triangle,FR-MEN,3,3,CE2.GM.10
place-value-multidigit,FR-MEN,3,6,CE2.NC.1
quadrilateral-classify,FR-MEN,3,7,CE2.EG.8
solids-nets,FR-MEN,3,3,CE2.EG.6
symmetry-axial,FR-MEN,3,6,CE2.EG.12
unit-convert-length,FR-MEN,3,7,CE2.GM.2
unit-convert-mass,FR-MEN,3,4,CE2.GM.13
written-add-subtract-multidigit,FR-MEN,3,4,CE2.NC.16
written-multiply-multidigit,FR-MEN,3,4,CE2.NC.19
written-multiply-one-digit,FR-MEN,3,3,CE2.NC.19
angle-classify,FR-MEN,4,6,CM1.GM.23
area-by-tiling,FR-MEN,4,5,CM1.GM.20
chance-estimation,FR-MEN,4,5,CM1.OGD.7
chance-vocabulary,FR-MEN,4,4,CM1.OGD.4
circle-parts,FR-MEN,4,6,CM1.EG.4
data-read-charts,FR-MEN,4,11,CM1.OGD.2
decimal-add-subtract,FR-MEN,4,7,CM1.NC.38
decimal-multiply,FR-MEN,4,7,CM1.NC.51
decimal-place-value,FR-MEN,4,6,CM1.NC.23
decimal-times-power-of-ten,FR-MEN,4,6,CM1.NC.39
decimal-to-fraction,FR-MEN,4,10,CM1.NC.23
decimals-compare,FR-MEN,4,6,CM1.NC.28
decimals-on-number-line,FR-MEN,4,7,CM1.NC.25
decimals-round,FR-MEN,4,10,CM1.NC.33
divisibility-rules,FR-MEN,4,7,CM1.NC.11
equation-from-context,FR-MEN,4,8,CM1.NC.62
equation-one-step,FR-MEN,4,7,CM1.NC.61
estimate-calculation,FR-MEN,4,10,CM1.NC.47
fraction-common-denominator,FR-MEN,4,6,CM1.NC.20
fraction-of-quantity,FR-MEN,4,8,CM1.NC.22
fraction-to-decimal,FR-MEN,4,10,CM1.NC.30
fractions-compare-unlike,FR-MEN,4,10,CM1.NC.20
function-table,FR-MEN,4,8,CM1.NC.63
lines-parallel-perpendicular,FR-MEN,4,5,CM1.EG.5
long-division-one-digit,FR-MEN,4,5,CM1.NC.52
mixed-number-conversion,FR-MEN,4,6,CM1.NC.15
number-pattern-rule,FR-MEN,4,6,CM1.NC.64
order-of-operations-brackets,FR-MEN,4,8,CM1.NC.48
polygon-perimeter,FR-MEN,4,10,CM1.GM.7
proportion-missing-value,FR-MEN,4,8,CM1.P.2
solid-elements,FR-MEN,4,5,CM1.EG.15
solid-nets,FR-MEN,4,7,CM1.EG.20
solid-recognition,FR-MEN,4,8,CM1.EG.14
triangle-classify,FR-MEN,4,6,CM1.EG.7
unit-convert-capacity,FR-MEN,4,7,CM1.GM.16
unit-rate,FR-MEN,4,7,CM1.P.1
decimal-divide,FR-MEN,5,7,CM2.NC.36
fraction-add-subtract-unlike,FR-MEN,5,10,CM2.NC.20
fraction-simplify,FR-MEN,5,10,CM2.NC.37
fraction-times-whole,FR-MEN,5,6,CM2.NC.21
greatest-common-factor,FR-MEN,5,9,CM2.NC.11
least-common-multiple,FR-MEN,5,5,CM2.NC.12
probability-single-event,FR-MEN,5,10,CM2.OGD.6
rectangle-area,FR-MEN,5,6,CM2.GM.2
unit-convert-area-volume,FR-MEN,5,10,CM2.GM.3
angle-measure-protractor,FR-MEN,6,6,6e.EG.10
angle-sum-polygon,FR-MEN,6,7,6e.EG.15
angles-missing-part,FR-MEN,6,7,6e.EG.17
bisector-properties,FR-MEN,6,7,6e.EG.13
circle-measures,FR-MEN,6,10,6e.GM.2
cuboid-volume,FR-MEN,6,7,6e.GM.10
fraction-as-division,FR-MEN,6,6,6e.NC.25
fraction-to-repeating-decimal,FR-MEN,6,6,6e.NC.12
long-division-two-digit,FR-MEN,6,6,6e.NC.23
percent-of-quantity,FR-MEN,6,10,6e.NC.41
percent-what-percent,FR-MEN,6,10,6e.NC.40
relative-frequency-from-trials,FR-MEN,6,9,6e.OGD.7
scale-length,FR-MEN,6,7,6e.P.5
area-decomposition,FR-MEN,7,7,5e.EG.26
arithmetic-mean,FR-MEN,7,11,5e.OGD.6
coordinate-point-read,FR-MEN,7,10,5e.EG.2
counterexample,FR-MEN,7,7,5e.NC.41
cylinder-cone-sphere,FR-MEN,7,10,5e.EG.7
distance-speed-time,FR-MEN,7,8,5e.PF.4
distributive-property,FR-MEN,7,10,5e.NC.38
equation-check-solution,FR-MEN,7,7,5e.NC.36
expression-evaluate,FR-MEN,7,10,5e.NC.33
expression-from-words,FR-MEN,7,8,5e.NC.34
graph-change-over-time,FR-MEN,7,10,5e.PF.12
integers-add-subtract,FR-MEN,7,7,5e.NC.18
integers-compare,FR-MEN,7,7,5e.NC.17
integers-distance,FR-MEN,7,10,5e.NC.13
integers-in-context,FR-MEN,7,7,5e.NC.15
integers-on-number-line,FR-MEN,7,10,5e.EG.1
like-terms,FR-MEN,7,10,5e.NC.39
parallelogram-area,FR-MEN,7,7,5e.EG.26
pie-chart-angle,FR-MEN,7,7,5e.OGD.4
powers-evaluate,FR-MEN,7,8,5e.NC.32
powers-whole-fraction,FR-MEN,7,7,5e.NC.28
prism-volume-surface,FR-MEN,7,10,5e.EG.5
quadrilateral-angle-properties,FR-MEN,7,7,5e.EG.22
signed-add-subtract-rational,FR-MEN,7,7,5e.NC.18
symmetry-central,FR-MEN,7,7,5e.EG.9
triangle-area,FR-MEN,7,10,5e.EG.14
triangle-heights,FR-MEN,7,7,5e.EG.15
compare-two-distributions,FR-MEN,8,10,4e.OGD.6
compound-unit-conversion,FR-MEN,8,10,4e.PF.1
converse-statement,FR-MEN,8,8,4e.EG.9
coordinate-transformations,FR-MEN,8,9,4e.EG.4
data-median,FR-MEN,8,11,4e.OGD.2
data-range,FR-MEN,8,8,4e.OGD.3
equation-both-sides,FR-MEN,8,10,4e.NC.25
equation-two-step,FR-MEN,8,10,4e.NC.24
fraction-divide-fraction,FR-MEN,8,8,4e.NC.11
fraction-times-fraction,FR-MEN,8,8,4e.NC.13
grouped-frequency-mean,FR-MEN,8,10,4e.OGD.1
inverse-operations,FR-MEN,8,8,4e.PF.10
percent-change,FR-MEN,8,11,4e.PF.6
percent-find-whole,FR-MEN,8,10,4e.PF.5
power-rules,FR-MEN,8,10,4e.NC.16
probability-two-stage,FR-MEN,8,12,4e.OGD.11
proportional-division,FR-MEN,8,8,4e.PF.8
pyramid-volume-surface,FR-MEN,8,8,4e.EG.3
pythagoras,FR-MEN,8,10,4e.EG.8
ratio-simplify,FR-MEN,8,8,4e.PF.2
rational-multistep,FR-MEN,8,9,4e.NC.14
roots-estimate,FR-MEN,8,10,4e.NC.20
roots-evaluate,FR-MEN,8,9,4e.NC.19
signed-multiply-divide,FR-MEN,8,8,4e.NC.1
thales-theorem,FR-MEN,8,10,4e.EG.7
triangle-circles,FR-MEN,8,8,4e.EG.10
weighted-mean,FR-MEN,8,10,4e.OGD.1
binomial-product,FR-MEN,9,9,3e.NC.11
data-plot-read,FR-MEN,9,11,3e.OGD.2
function-graph-reading,FR-MEN,9,11,3e.PF.4
linear-function-slope,FR-MEN,9,11,3e.PF.10
linear-function-value,FR-MEN,9,9,3e.PF.3
linear-inequality,FR-MEN,9,10,3e.NC.12
polynomial-equation,FR-MEN,9,11,3e.NC.13
polynomial-factoring,FR-MEN,9,11,3e.NC.11
powers-negative-exponent,FR-MEN,9,9,3e.NC.4
probability-addition-rule,FR-MEN,9,9,3e.OGD.6
quadratic-equation,FR-MEN,9,11,3e.NC.8
quadratic-function-value,FR-MEN,9,10,3e.PF.11
rational-expressions,FR-MEN,9,10,3e.NC.10
right-triangle-trig,FR-MEN,9,10,3e.EG.6
scientific-notation,FR-MEN,9,9,3e.NC.6
similar-triangles-criteria,FR-MEN,9,9,3e.EG.5
solid-cross-sections,FR-MEN,9,9,3e.EG.3
special-products,FR-MEN,9,11,3e.NC.14
trig-values,FR-MEN,9,11,3e.EG.6
absolute-value,FR-MEN,10,10,2de.F.12
analytic-lines,FR-MEN,10,11,2de.G.16
conditional-probability,FR-MEN,10,11,2de.SP.17
coordinate-distance-pythagoras,FR-MEN,10,10,2de.G.12
data-distribution-compare,FR-MEN,10,10,2de.AUT.26
data-variance,FR-MEN,10,10,2de.SP.5
formula-rearrange,FR-MEN,10,10,2de.AUT.11
interval-notation,FR-MEN,10,10,2de.NC.12
linear-function-from-points,FR-MEN,10,10,2de.G.17
linear-function-point-check,FR-MEN,10,10,2de.AUT.17
linear-function-zero,FR-MEN,10,10,2de.F.4
linear-model-meaning,FR-MEN,10,10,2de.F.15
linear-system-two,FR-MEN,10,10,2de.G.24
modeling-inequality-one-variable,FR-MEN,10,10,2de.NC.27
modeling-linear-relation,FR-MEN,10,10,2de.F.7
polynomial-inequality,FR-MEN,10,11,2de.F.10
quadratic-inequality,FR-MEN,10,11,2de.F.12
rational-equation,FR-MEN,10,10,2de.NC.22
reciprocal-function,FR-MEN,10,10,2de.F.12
root-rules,FR-MEN,10,10,2de.NC.15
segment-midpoint,FR-MEN,10,10,2de.G.12
significant-figures,FR-MEN,10,10,2de.NC.14
two-way-table,FR-MEN,10,10,2de.SP.16
vectors-basic,FR-MEN,10,10,2de.G.11
vectors-on-grid,FR-MEN,10,10,2de.G.10
arithmetic-sequence,FR-MEN,11,11,1re.A.10
average-rate-of-change,FR-MEN,11,11,1re.AN.1
circle-equation,FR-MEN,11,11,1re.G.10
compound-interest,FR-MEN,11,11,1re.AN.29
derivative-graph,FR-MEN,11,12,1re.AN.12
derivatives,FR-MEN,11,12,1re.AN.15
dot-product,FR-MEN,11,11,1re.G.1
events-independence,FR-MEN,11,12,1re.PS.1
expected-value,FR-MEN,11,12,1re.PS.10
exponential-equation,FR-MEN,11,12,1re.AN.26
exponential-function-value,FR-MEN,11,11,1re.AN.24
geometric-sequence,FR-MEN,11,11,1re.A.10
graph-reflections,FR-MEN,11,11,1re.AN.16
law-of-cosines-sines,FR-MEN,11,11,1re.G.3
linear-approximation,FR-MEN,11,11,1re.AN.14
monotonicity-extrema,FR-MEN,11,12,1re.AN.17
optimization,FR-MEN,11,11,1re.AN.20
quadratic-vertex-form,FR-MEN,11,11,1re.A.14
radian-measure,FR-MEN,11,11,1re.AN.30
sector-arc,FR-MEN,11,11,1re.AN.30
sequence-limit,FR-MEN,11,12,1re.A.12
sequence-monotonicity,FR-MEN,11,11,1re.A.10
sequence-nth-term,FR-MEN,11,11,1re.A.8
sequence-terms,FR-MEN,11,12,1re.A.1
tangent-line-derivative,FR-MEN,11,11,1re.AN.12
total-probability-bayes,FR-MEN,11,12,1re.PS.2
vieta-formulas,FR-MEN,11,11,1re.A.13
accumulation,FR-MEN,12,12,Tle.AN.62
area-integral,FR-MEN,12,12,Tle.AN.49
bernoulli-trials,FR-MEN,12,12,Tle.P.11
binomial-coefficient,FR-MEN,12,12,Tle.AG.5
chebyshev-inequality,FR-MEN,12,12,Tle.P.16
counting-rules,FR-MEN,12,12,Tle.AG.1
differential-equation-linear,FR-MEN,12,12,Tle.AN.45
dot-product-space,FR-MEN,12,12,Tle.AG.23
function-composition,FR-MEN,12,12,Tle.AN.16
function-limits,FR-MEN,12,12,Tle.AN.10
integrals,FR-MEN,12,12,Tle.AN.43
line-plane-position,FR-MEN,12,12,Tle.AG.19
linear-system-3x3,FR-MEN,12,12,Tle.AG.41
lines-in-space,FR-MEN,12,12,Tle.AG.13
lines3-position,FR-MEN,12,12,Tle.AG.19
logarithm-rules,FR-MEN,12,12,Tle.AN.31
natural-logarithm,FR-MEN,12,12,Tle.AN.30
numerical-iteration,FR-MEN,12,12,Tle.AN.28
periodic-functions,FR-MEN,12,12,Tle.AN.37
planes-in-space,FR-MEN,12,12,Tle.AG.29
sampling-inference,FR-MEN,12,12,Tle.P.18
solid-segments,FR-MEN,12,12,Tle.AG.34
trig-equations,FR-MEN,12,12,Tle.AN.41
trig-graphs,FR-MEN,12,12,Tle.AN.37
vectors-3d,FR-MEN,12,12,Tle.AG.10
angle-sum-polygon,FR-MEN20,7,7,C4.D.2.2
angles-missing-part,FR-MEN20,7,7,C4.D.2.1
arithmetic-mean,FR-MEN20,7,9,C4.B.1.2
bisector-properties,FR-MEN20,7,7,C4.D.2.2
circle-measures,FR-MEN20,7,7,C4.B.3.7
coordinate-point-read,FR-MEN20,7,9,C4.D.1.3
cylinder-cone-sphere,FR-MEN20,7,9,C4.C.1.3
data-read-charts,FR-MEN20,7,7,C4.B.1.5
decimal-to-fraction,FR-MEN20,7,9,C4.A.1.7
decimals-compare,FR-MEN20,7,7,C4.A.1.10
decimals-on-number-line,FR-MEN20,7,7,C4.A.1.6
distance-speed-time,FR-MEN20,7,8,C4.B.3.7
distributive-property,FR-MEN20,7,9,C4.A.3.2
divisibility-rules,FR-MEN20,7,7,C4.A.2.2
equation-from-context,FR-MEN20,7,7,C4.A.3.7
estimate-calculation,FR-MEN20,7,9,C4.A.1.17
factors-and-multiples,FR-MEN20,7,7,C4.A.2.1
fraction-add-subtract-unlike,FR-MEN20,7,7,C4.A.1.13
fraction-expand,FR-MEN20,7,7,C4.A.1.8
fraction-simplify,FR-MEN20,7,7,C4.A.1.8
fraction-to-decimal,FR-MEN20,7,9,C4.A.1.6
fractions-compare-unlike,FR-MEN20,7,7,C4.A.1.10
fractions-on-number-line,FR-MEN20,7,9,C4.A.1.11
function-table,FR-MEN20,7,7,C4.B.4.5
graph-change-over-time,FR-MEN20,7,9,C4.B.4.10
greatest-common-factor,FR-MEN20,7,7,C4.A.2.11
integers-compare,FR-MEN20,7,7,C4.A.1.10
integers-on-number-line,FR-MEN20,7,9,C4.A.1.1
least-common-multiple,FR-MEN20,7,7,C4.A.2.12
like-terms,FR-MEN20,7,9,C4.A.3.5
long-division-one-digit,FR-MEN20,7,7,C4.A.2.3
parallelogram-area,FR-MEN20,7,7,C4.C.1.2
percent-of-quantity,FR-MEN20,7,7,C4.B.3.8
percent-what-percent,FR-MEN20,7,7,C4.B.1.1
pie-chart-angle,FR-MEN20,7,7,C4.B.1.5
powers-evaluate,FR-MEN20,7,8,C4.A.1.14
powers-whole-fraction,FR-MEN20,7,7,C4.A.1.3
prime-composite,FR-MEN20,7,7,C4.A.2.4
prime-factorization,FR-MEN20,7,7,C4.A.2.10
prism-volume-surface,FR-MEN20,7,9,C4.C.1.3
probability-single-event,FR-MEN20,7,7,C4.B.2.2
proportion-missing-value,FR-MEN20,7,7,C4.B.3.4
quadrilateral-angle-properties,FR-MEN20,7,7,C4.D.2.3
relative-frequency-from-trials,FR-MEN20,7,7,C4.B.2.7
scale-length,FR-MEN20,7,7,C4.B.3.8
signed-add-subtract-rational,FR-MEN20,7,7,C4.A.1.1
solid-nets,FR-MEN20,7,7,C4.D.1.5
solid-recognition,FR-MEN20,7,7,C4.D.1.4
symmetry-central,FR-MEN20,7,7,C4.D.2.9
triangle-congruence,FR-MEN20,7,8,C4.D.2.2
triangle-heights,FR-MEN20,7,7,C4.D.2.2
triangle-inequality,FR-MEN20,7,8,C4.D.2.2
unit-convert-area-volume,FR-MEN20,7,7,C4.C.1.4
unit-convert-capacity,FR-MEN20,7,7,C4.C.1.4
unit-convert-length,FR-MEN20,7,7,C4.C.1.7
unit-rate,FR-MEN20,7,7,C4.B.3.1
compound-unit-conversion,FR-MEN20,8,9,C4.C.1.1
coordinate-transformations,FR-MEN20,8,9,C4.C.2.4
data-median,FR-MEN20,8,9,C4.B.1.2
data-range,FR-MEN20,8,8,C4.B.1.3
equation-both-sides,FR-MEN20,8,9,C4.A.3.8
equation-two-step,FR-MEN20,8,9,C4.A.3.8
fraction-divide-fraction,FR-MEN20,8,8,C4.A.1.16
fraction-times-fraction,FR-MEN20,8,8,C4.A.1.13
percent-change,FR-MEN20,8,9,C4.B.3.2
power-rules,FR-MEN20,8,9,C4.A.1.14
proportional-division,FR-MEN20,8,8,C4.B.3.6
pyramid-volume-surface,FR-MEN20,8,8,C4.C.1.3
pythagoras,FR-MEN20,8,9,C4.A.1.19
ratio-simplify,FR-MEN20,8,8,C4.B.3.3
rational-multistep,FR-MEN20,8,9,C4.A.1.20
roots-evaluate,FR-MEN20,8,9,C4.A.1.19
signed-multiply-divide,FR-MEN20,8,8,C4.A.1.13
thales-theorem,FR-MEN20,8,9,C4.C.2.5
weighted-mean,FR-MEN20,8,9,C4.B.1.8
binomial-product,FR-MEN20,9,9,C4.A.3.2
function-graph-reading,FR-MEN20,9,9,C4.B.4.6
linear-function-slope,FR-MEN20,9,9,C4.B.4.4
linear-function-value,FR-MEN20,9,9,C4.B.4.10
polynomial-equation,FR-MEN20,9,9,C4.A.3.3
powers-negative-exponent,FR-MEN20,9,9,C4.A.1.14
quadratic-equation,FR-MEN20,9,9,C4.A.3.8
right-triangle-trig,FR-MEN20,9,9,C4.D.2.6
scientific-notation,FR-MEN20,9,9,C4.A.1.15
similar-figures-ratios,FR-MEN20,9,9,C4.C.2.1
similar-triangles-criteria,FR-MEN20,9,9,C4.C.2.5
solid-cross-sections,FR-MEN20,9,9,C4.D.1.5
special-products,FR-MEN20,9,9,C4.A.3.4
accumulation,FR-MEN20,12,12,Tle.AN.59
area-integral,FR-MEN20,12,12,Tle.AN.46
bernoulli-trials,FR-MEN20,12,12,Tle.P.11
binomial-coefficient,FR-MEN20,12,12,Tle.AG.5
chebyshev-inequality,FR-MEN20,12,12,Tle.P.16
counting-rules,FR-MEN20,12,12,Tle.AG.1
derivative-graph,FR-MEN20,12,12,Tle.AN.19
derivatives,FR-MEN20,12,12,Tle.AN.16
differential-equation-linear,FR-MEN20,12,12,Tle.AN.42
dot-product-space,FR-MEN20,12,12,Tle.AG.23
events-independence,FR-MEN20,12,12,Tle.P.5
expected-value,FR-MEN20,12,12,Tle.P.10
exponential-equation,FR-MEN20,12,12,Tle.AN.35
function-composition,FR-MEN20,12,12,Tle.AN.16
function-limits,FR-MEN20,12,12,Tle.AN.10
integrals,FR-MEN20,12,12,Tle.AN.40
line-plane-position,FR-MEN20,12,12,Tle.AG.19
linear-system-3x3,FR-MEN20,12,12,Tle.AG.40
lines-in-space,FR-MEN20,12,12,Tle.AG.13
lines3-position,FR-MEN20,12,12,Tle.AG.19
logarithm-rules,FR-MEN20,12,12,Tle.AN.31
monotonicity-extrema,FR-MEN20,12,12,Tle.AN.21
natural-logarithm,FR-MEN20,12,12,Tle.AN.30
numerical-iteration,FR-MEN20,12,12,Tle.AN.28
planes-in-space,FR-MEN20,12,12,Tle.AG.29
probability-two-stage,FR-MEN20,12,12,Tle.P.1
sampling-inference,FR-MEN20,12,12,Tle.P.18
sequence-limit,FR-MEN20,12,12,Tle.AN.14
sequence-terms,FR-MEN20,12,12,Tle.AN.9
solid-segments,FR-MEN20,12,12,Tle.AG.33
total-probability-bayes,FR-MEN20,12,12,Tle.P.5
trig-equations,FR-MEN20,12,12,Tle.AN.38
trig-graphs,FR-MEN20,12,12,Tle.AN.37
vectors-3d,FR-MEN20,12,12,Tle.AG.10
add-within-20-no-regrouping,GB-NC,1,2,Y1.AS.1
calendar-dates,GB-NC,1,3,Y1.M.5
capacity-units,GB-NC,1,3,Y1.M.2.c
classify-solids,GB-NC,1,2,Y1.GPS.1.b
clock-reading,GB-NC,1,4,Y1.M.2.d
compare-size-attributes,GB-NC,1,2,Y1.M.1.a
compare-within-100,GB-NC,1,2,Y1.NPV.4
count-objects,GB-NC,1,1,Y1.NPV.4
counting-in-steps,GB-NC,1,5,Y1.NPV.1
figure-recognition,GB-NC,1,2,Y1.GPS.1.a
fraction-part-whole,GB-NC,1,2,Y1.F.1
inverse-operations-check,GB-NC,1,4,Y1.AS.2
mass-units,GB-NC,1,3,Y1.M.2.b
measure-mm-cm-m,GB-NC,1,3,Y1.M.2.a
money-shopping-change,GB-NC,1,3,Y1.M.3
number-word-form,GB-NC,1,3,Y1.NPV.2
placeholder-equation,GB-NC,1,5,Y1.AS.4
subtract-within-100-basic,GB-NC,1,2,Y1.AS.1
successor-predecessor,GB-NC,1,1,Y1.NPV.3
time-duration,GB-NC,1,3,Y1.M.1.d
word-problem-simple,GB-NC,1,3,Y1.AS.4
add-subtract-hundreds,GB-NC,2,3,Y2.AS.2
add-within-100-regrouping,GB-NC,2,2,Y2.AS.3.c
addition-within-100,GB-NC,2,2,Y2.AS.1.b
data-interpretation,GB-NC,2,4,Y2.S.2
data-tables-charts,GB-NC,2,3,Y2.S.1
division-table,GB-NC,2,4,Y2.MD.2
multiplication-table,GB-NC,2,4,Y2.MD.1
number-line,GB-NC,2,4,Y2.NPV.3
odd-even,GB-NC,2,2,Y2.MD.1
operation-properties,GB-NC,2,4,Y2.AS.3.d
patterns-rhythms,GB-NC,2,2,Y2.GPD.1
place-value-tens-ones,GB-NC,2,2,Y2.NPV.2
temperature-reading,GB-NC,2,2,Y2.M.1
addition-within-1000,GB-NC,3,3,Y3.AS.1.a
angle-classify,GB-NC,3,5,Y3.GPS.2
compare-within-1000,GB-NC,3,3,Y3.NPV.3
compound-units-length,GB-NC,3,3,Y3.M.1
decimal-place-value,GB-NC,3,6,Y3.F.1
directional-lines,GB-NC,3,3,Y3.GPS.4
elapsed-time-hms,GB-NC,3,5,Y3.M.5
estimation-everyday,GB-NC,3,3,Y3.AS.3
fraction-add-subtract-like,GB-NC,3,4,Y3.F.5
fraction-of-quantity,GB-NC,3,6,Y3.F.2
fractions-compare,GB-NC,3,3,Y3.F.4
lines-parallel-perpendicular,GB-NC,3,3,Y3.GPS.4
multiply-by-tens,GB-NC,3,3,Y3.MD.2
multiply-two-digit-by-two,GB-NC,3,3,Y3.MD.2
perimeter-rectangle,GB-NC,3,6,Y3.M.2
perimeter-square,GB-NC,3,3,Y3.M.2
perimeter-triangle,GB-NC,3,3,Y3.M.2
place-value-3digit,GB-NC,3,3,Y3.NPV.2
roman-numerals,GB-NC,3,3,Y3.M.4
unit-fractions,GB-NC,3,3,Y3.F.3
word-problem-multistep,GB-NC,3,6,Y3.AS.4
written-algorithms,GB-NC,3,3,Y3.AS.2
area-by-tiling,GB-NC,4,4,Y4.M.3
calendar-calculations,GB-NC,4,4,Y4.M.6
compare-difference-ratio,GB-NC,4,4,Y4.MD.5
coordinate-point-read,GB-NC,4,6,Y4.GPD.1
data-read-charts,GB-NC,4,6,Y4.S.1
decimal-add-subtract,GB-NC,4,5,Y4.F.10
decimal-times-power-of-ten,GB-NC,4,6,Y4.F.7
decimal-to-fraction,GB-NC,4,5,Y4.F.5
decimals-compare,GB-NC,4,5,Y4.F.9
decimals-round,GB-NC,4,6,Y4.F.8
estimate-calculation,GB-NC,4,6,Y4.AS.2
factors-and-multiples,GB-NC,4,5,Y4.MD.3
fraction-expand,GB-NC,4,5,Y4.F.1
fraction-to-decimal,GB-NC,4,6,Y4.F.5
integers-on-number-line,GB-NC,4,6,Y4.NPV.3
mental-calculation-properties,GB-NC,4,6,Y4.MD.2
money-calculations,GB-NC,4,5,Y4.F.10
place-value-multidigit,GB-NC,4,6,Y4.NPV.2
polygon-perimeter,GB-NC,4,5,Y4.M.2
quadrilateral-classify,GB-NC,4,6,Y4.GPS.1
roman-numerals-3000,GB-NC,4,5,Y4.NPV.9
round-whole-numbers,GB-NC,4,6,Y4.NPV.7
rounding-10-100,GB-NC,4,4,Y4.NPV.7
symmetry-axial,GB-NC,4,5,Y4.GPS.3
triangle-classify,GB-NC,4,4,Y4.GPS.1
unit-convert-length,GB-NC,4,6,Y4.M.1
written-add-subtract-multidigit,GB-NC,4,5,Y4.AS.1
written-multiply-one-digit,GB-NC,4,4,Y4.MD.4
angle-measure-protractor,GB-NC,5,5,Y5.GPS.3
angles-missing-part,GB-NC,5,6,Y5.GPS.4.a
compound-measure-decimal,GB-NC,5,6,Y5.M.7
cuboid-volume,GB-NC,5,6,Y5.M.5
fraction-add-subtract-unlike,GB-NC,5,6,Y5.F.4
fraction-common-denominator,GB-NC,5,6,Y5.F.4
fraction-multiplication-scaling,GB-NC,5,5,Y5.MD.11
fraction-simplify,GB-NC,5,6,Y5.F.2
fraction-times-whole,GB-NC,5,5,Y5.F.5
fractions-compare-unlike,GB-NC,5,6,Y5.F.1
graph-change-over-time,GB-NC,5,6,Y5.S.1
greatest-common-factor,GB-NC,5,6,Y5.MD.1
integers-in-context,GB-NC,5,6,Y5.NPV.3
long-division-one-digit,GB-NC,5,5,Y5.MD.6
mixed-number-conversion,GB-NC,5,5,Y5.F.3
order-of-operations,GB-NC,5,5,Y5.MD.10
percent-of-quantity,GB-NC,5,6,Y5.F.11
powers-whole-fraction,GB-NC,5,5,Y5.MD.8
prime-composite,GB-NC,5,6,Y5.MD.2
rectangle-area,GB-NC,5,6,Y5.GPS.5
solid-recognition,GB-NC,5,5,Y5.GPS.1
unit-convert-capacity,GB-NC,5,5,Y5.M.1
unit-convert-mass,GB-NC,5,6,Y5.M.1
unit-rate,GB-NC,5,5,Y5.MD.11
written-multiply-multidigit,GB-NC,5,6,Y5.MD.4
angle-sum-polygon,GB-NC,6,6,Y6.GPS.3
arithmetic-mean,GB-NC,6,6,Y6.S.2
circle-parts,GB-NC,6,6,Y6.GPS.4
combinatorics-simple,GB-NC,6,6,Y6.A.4
coordinate-transformations,GB-NC,6,6,Y6.GPD.2
decimal-divide,GB-NC,6,6,Y6.F.9
decimal-multiply,GB-NC,6,6,Y6.F.8
equation-from-context,GB-NC,6,6,Y6.A.3
equation-one-step,GB-NC,6,6,Y6.A.3
expression-simple-evaluate,GB-NC,6,6,Y6.A.1
fraction-as-division,GB-NC,6,6,Y6.F.6
fraction-divide-unit-whole,GB-NC,6,6,Y6.F.5
fraction-times-fraction,GB-NC,6,6,Y6.F.4
integers-distance,GB-NC,6,6,Y6.NPV.3
least-common-multiple,GB-NC,6,6,Y6.ASMD.5
long-division-two-digit,GB-NC,6,6,Y6.ASMD.2
number-pattern-rule,GB-NC,6,6,Y6.A.2
order-of-operations-brackets,GB-NC,6,6,Y6.ASMD.6
parallelogram-area,GB-NC,6,6,Y6.M.6
proportion-missing-value,GB-NC,6,6,Y6.R.1
ratio-simplify,GB-NC,6,6,Y6.R.4
scale-length,GB-NC,6,6,Y6.R.3
solid-nets,GB-NC,6,6,Y6.GPS.2
triangle-area,GB-NC,6,6,Y6.M.6
area-decomposition,GB-NC,7,8,KS3.GM.2
binomial-product,GB-NC,7,8,KS3.A.4.d
bisector-properties,GB-NC,7,8,KS3.GM.4
chance-estimation,GB-NC,7,7,KS3.P.1
circle-measures,GB-NC,7,9,KS3.GM.2
compare-two-distributions,GB-NC,7,7,KS3.S.1
data-median,GB-NC,7,8,KS3.S.1
data-plot-read,GB-NC,7,7,KS3.S.1
data-range,GB-NC,7,7,KS3.S.1
distance-speed-time,GB-NC,7,7,KS3.R.10
distributive-property,GB-NC,7,8,KS3.A.1.f
equation-both-sides,GB-NC,7,8,KS3.A.7
equation-two-step,GB-NC,7,8,KS3.A.7
expression-evaluate,GB-NC,7,8,KS3.A.1.a
expression-from-words,GB-NC,7,8,KS3.A.6
formula-rearrange,GB-NC,7,9,KS3.A.2
fraction-divide-fraction,GB-NC,7,8,KS3.N.4
geometric-constructions,GB-NC,7,8,KS3.GM.4
integers-compare,GB-NC,7,7,KS3.N.2
inverse-proportion,GB-NC,7,8,KS3.R.9
like-terms,GB-NC,7,8,KS3.A.1.b
linear-function-slope,GB-NC,7,8,KS3.A.11
linear-function-value,GB-NC,7,9,KS3.A.9
linear-system-two,GB-NC,7,9,KS3.A.12
number-line-inequality,GB-NC,7,8,KS3.N.2
percent-change,GB-NC,7,8,KS3.N.10
percent-find-whole,GB-NC,7,8,KS3.R.8
percent-what-percent,GB-NC,7,8,KS3.N.10
pie-chart-angle,GB-NC,7,7,KS3.S.2
powers-evaluate,GB-NC,7,9,KS3.N.5
powers-negative-exponent,GB-NC,7,9,KS3.N.7
prime-factorization,GB-NC,7,7,KS3.N.3
prism-volume-surface,GB-NC,7,9,KS3.GM.1
probability-single-event,GB-NC,7,8,KS3.P.2
probability-two-stage,GB-NC,7,9,KS3.P.4
proportional-division,GB-NC,7,8,KS3.R.5
pythagoras,GB-NC,7,9,KS3.GM.13
regular-polygon-angle,GB-NC,7,8,KS3.GM.12
relative-frequency-from-trials,GB-NC,7,8,KS3.P.1
roots-estimate,GB-NC,7,9,KS3.N.7
roots-evaluate,GB-NC,7,9,KS3.N.7
scientific-notation,GB-NC,7,9,KS3.N.8
signed-add-subtract-rational,GB-NC,7,8,KS3.N.4
signed-multiply-divide,GB-NC,7,8,KS3.N.4
simple-interest,GB-NC,7,8,KS3.R.8
solid-elements,GB-NC,7,8,KS3.GM.15
trapezoid-area,GB-NC,7,8,KS3.GM.1
triangle-congruence,GB-NC,7,8,KS3.GM.6
unit-convert-area-volume,GB-NC,7,7,KS3.R.1
cylinder-cone-sphere,GB-NC,8,9,KS3.GM.1
linear-model-scatter,GB-NC,8,8,KS3.S.3
significant-figures,GB-NC,8,8,KS3.N.13
venn-diagram-counts,GB-NC,8,8,KS3.P.3
arithmetic-sequence,GB-NC,9,9,KS3.A.15
density-modeling,GB-NC,9,9,KS3.R.10
expression-structure,GB-NC,9,9,KS3.A.3
function-graph-reading,GB-NC,9,9,KS3.A.9
geometric-sequence,GB-NC,9,9,KS3.A.16
grouped-frequency-mean,GB-NC,9,9,KS3.S.2
measurement-accuracy,GB-NC,9,9,KS3.N.14
plane-transformations,GB-NC,9,9,KS3.GM.8
proportion-equation,GB-NC,9,9,KS3.R.9
quadratic-function-value,GB-NC,9,9,KS3.A.9
quadrilateral-angle-properties,GB-NC,9,9,KS3.GM.7
right-triangle-trig,GB-NC,9,9,KS3.GM.14
sequence-nth-term,GB-NC,9,9,KS3.A.15
sequence-terms,GB-NC,9,9,KS3.A.14
similar-triangles-criteria,GB-NC,9,9,KS3.GM.13
trig-values,GB-NC,9,9,KS3.GM.14
analytic-lines,GB-NC,10,11,KS4.A.4
average-rate-of-change,GB-NC,10,11,KS4.A.9
bearings,GB-NC,10,10,KS4.GM.6
circle-equation,GB-NC,10,11,KS4.A.10
compound-interest,GB-NC,10,10,KS4.R.6
compound-unit-conversion,GB-NC,10,10,KS4.R.2
conditional-probability,GB-NC,10,11,KS4.P.4
counting-rules,GB-NC,10,11,KS4.N.1
cyclic-tangential-quadrilateral,GB-NC,10,11,KS4.GM.4
data-distribution-compare,GB-NC,10,10,KS4.S.4.b
events-independence,GB-NC,10,11,KS4.P.3
exponential-function-value,GB-NC,10,11,KS4.A.6
fraction-to-repeating-decimal,GB-NC,10,10,KS4.N.6
function-composition,GB-NC,10,11,KS4.A.3
graph-reflections,GB-NC,10,10,KS4.A.7
graph-transformations,GB-NC,10,11,KS4.A.7
inscribed-central-angles,GB-NC,10,10,KS4.GM.4
interval-notation,GB-NC,10,10,KS4.A.15
inverse-function,GB-NC,10,11,KS4.A.3
law-of-cosines-sines,GB-NC,10,10,KS4.GM.10
line-parabola-system,GB-NC,10,11,KS4.A.12
linear-function-from-points,GB-NC,10,11,KS4.A.4
linear-inequality,GB-NC,10,10,KS4.A.15
linear-inequality-two-variables,GB-NC,10,10,KS4.A.15
linear-system-elimination,GB-NC,10,10,KS4.A.12
linear-system-word-problems,GB-NC,10,10,KS4.A.14
polynomial-factoring,GB-NC,10,11,KS4.A.1.a
power-rules,GB-NC,10,10,KS4.N.3
probability-addition-rule,GB-NC,10,11,KS4.P.1
pyramid-volume-surface,GB-NC,10,10,KS4.GM.8
quadratic-equation,GB-NC,10,10,KS4.A.5
quadratic-inequality,GB-NC,10,10,KS4.A.15
quadratic-vertex-form,GB-NC,10,11,KS4.A.5
rational-exponents,GB-NC,10,10,KS4.N.3
reciprocal-function,GB-NC,10,10,KS4.A.6
relative-frequency-estimate,GB-NC,10,10,KS4.P.2
repeating-decimal-to-fraction,GB-NC,10,10,KS4.N.6
root-rules,GB-NC,10,10,KS4.N.3
round-solids-surface,GB-NC,10,10,KS4.GM.8
sample-to-population,GB-NC,10,10,KS4.S.1
sector-arc,GB-NC,10,10,KS4.N.4
similar-figures-ratios,GB-NC,10,10,KS4.R.1
special-products,GB-NC,10,11,KS4.A.1.a
tangent-chord,GB-NC,10,10,KS4.GM.3
two-way-table,GB-NC,10,10,KS4.P.4
accumulation,GB-NC,11,11,KS4.A.9
circle-tangent-line,GB-NC,11,11,KS4.A.10
numerical-iteration,GB-NC,11,11,KS4.A.13
similar-solids,GB-NC,11,11,KS4.R.1
solid-segments,GB-NC,11,11,KS4.GM.10
tangent-line-derivative,GB-NC,11,11,KS4.R.5
trig-graphs,GB-NC,11,11,KS4.A.6
vectors-basic,GB-NC,11,11,KS4.GM.15
vectors-on-grid,GB-NC,11,11,KS4.GM.14
angle-sum-polygon,IT-LICEI10,9,10,PB.G.1
arithmetic-mean,IT-LICEI10,9,10,PB.DP.3
binomial-product,IT-LICEI10,9,10,ART.PB.AA.1
circle-measures,IT-LICEI10,9,12,ART.SB.G.1
coordinate-distance-pythagoras,IT-LICEI10,9,10,ART.PB.G.3
coordinate-point-read,IT-LICEI10,9,10,ART.PB.G.3
coordinate-transformations,IT-LICEI10,9,10,PB.G.5
data-median,IT-LICEI10,9,10,PB.DP.3
data-mode,IT-LICEI10,9,10,PB.DP.3
data-plot-read,IT-LICEI10,9,10,PB.DP.1
data-range,IT-LICEI10,9,10,PB.DP.3
data-read-charts,IT-LICEI10,9,10,PB.DP.1
data-tables-charts,IT-LICEI10,9,10,PB.DP.2
decimal-to-fraction,IT-LICEI10,9,10,PB.AA.2
distributive-property,IT-LICEI10,9,10,PB.AA.3
equation-both-sides,IT-LICEI10,9,10,ART.PB.RF.2
equation-from-context,IT-LICEI10,9,10,PB.AA.9
expression-evaluate,IT-LICEI10,9,10,PB.AA.1
fraction-add-subtract-unlike,IT-LICEI10,9,10,PB.AA.2
fraction-divide-fraction,IT-LICEI10,9,10,PB.AA.2
fraction-times-fraction,IT-LICEI10,9,10,PB.AA.2
fraction-to-decimal,IT-LICEI10,9,10,PB.AA.2
function-graph-reading,IT-LICEI10,9,13,ART.Q.RF.1
function-table,IT-LICEI10,9,10,PB.RF.4
greatest-common-factor,IT-LICEI10,9,10,PB.AA.4
grouped-frequency-mean,IT-LICEI10,9,10,PB.DP.1
inverse-proportion,IT-LICEI10,9,10,PB.RF.3
least-common-multiple,IT-LICEI10,9,10,PB.AA.4
like-terms,IT-LICEI10,9,10,ART.PB.AA.1
linear-equation-special,IT-LICEI10,9,10,ART.PB.RF.2
linear-function-slope,IT-LICEI10,9,10,ART.PB.RF.1
linear-function-value,IT-LICEI10,9,10,ART.PB.RF.1
linear-function-zero,IT-LICEI10,9,10,ART.PB.RF.1
linear-inequality,IT-LICEI10,9,10,ART.PB.RF.2
linear-system-two,IT-LICEI10,9,10,ART.PB.RF.2
mental-calculation-properties,IT-LICEI10,9,10,PB.AA.3
modeling-linear-relation,IT-LICEI10,9,10,PB.RF.4
order-of-operations-brackets,IT-LICEI10,9,10,PB.AA.2
pie-chart-angle,IT-LICEI10,9,10,PB.DP.1
polynomial-factoring,IT-LICEI10,9,10,ART.SB.AA.1
polynomial-operations,IT-LICEI10,9,10,ART.PB.AA.1
prime-factorization,IT-LICEI10,9,10,PB.AA.4
probability-single-event,IT-LICEI10,9,10,ART.PB.DP.1
proportion-equation,IT-LICEI10,9,10,PB.RF.3
proportion-missing-value,IT-LICEI10,9,10,PB.RF.3
pythagoras,IT-LICEI10,9,10,PB.G.4
quadratic-equation,IT-LICEI10,9,10,ART.SB.RF.1
quadratic-function-value,IT-LICEI10,9,12,ART.PB.RF.1
quadratic-function-value,IT-LICEI10,9,10,ART.PB.RF.1
quadrilateral-angle-properties,IT-LICEI10,9,10,PB.G.1
relative-frequency-from-trials,IT-LICEI10,9,10,ART.PB.DP.1
roots-estimate,IT-LICEI10,9,10,PB.AA.5
roots-nth,IT-LICEI10,9,10,PB.AA.8
sample-to-population,IT-LICEI10,9,12,ART.SB.DP.1
segment-midpoint,IT-LICEI10,9,10,ART.PB.G.3
signed-add-subtract-rational,IT-LICEI10,9,10,PB.AA.2
signed-multiply-divide,IT-LICEI10,9,10,PB.AA.2
significant-figures,IT-LICEI10,9,12,ART.SB.AA.4
similar-triangles-criteria,IT-LICEI10,9,10,PB.G.5
special-products,IT-LICEI10,9,10,ART.PB.AA.1
symmetry-central,IT-LICEI10,9,10,PB.G.5
thales-theorem,IT-LICEI10,9,10,PB.G.5
triangle-congruence,IT-LICEI10,9,10,PB.G.1
absolute-value,IT-LICEI10,10,10,ART.PB.RF.1
analytic-lines,IT-LICEI10,10,10,ART.PB.G.3
circle-equation,IT-LICEI10,10,12,ART.SB.G.3
cross-product,IT-LICEI10,10,10,LSA.PB.AA.4
data-distribution-compare,IT-LICEI10,10,10,LES.PB.DP.3
data-variance,IT-LICEI10,10,12,ART.SB.DP.1
dot-product,IT-LICEI10,10,10,ART.SB.AA.2
dot-product-space,IT-LICEI10,10,13,LSA.PB.AA.4
formula-rearrange,IT-LICEI10,10,10,PB.AA.9
function-composition,IT-LICEI10,10,10,LES.SB.RF.6
function-composition,IT-LICEI10,10,12,LES.SB.RF.6
inscribed-central-angles,IT-LICEI10,10,12,ART.SB.G.1
interval-notation,IT-LICEI10,10,10,PB.AA.5
inverse-function,IT-LICEI10,10,10,LES.SB.RF.6
inverse-function,IT-LICEI10,10,12,LES.SB.RF.6
law-of-cosines-sines,IT-LICEI10,10,10,ART.SB.G.2
line-parabola-system,IT-LICEI10,10,12,LSA.PB.RF.1
linear-function-from-points,IT-LICEI10,10,10,ART.PB.G.3
linear-model-scatter,IT-LICEI10,10,12,ART.SB.DP.1
linear-system-elimination,IT-LICEI10,10,10,ART.PB.RF.2
linear-system-word-problems,IT-LICEI10,10,10,PB.AA.9
matrix-determinant-inverse,IT-LICEI10,10,10,LSA.PB.AA.4
matrix-operations,IT-LICEI10,10,10,LSA.PB.AA.4
modeling-constraints,IT-LICEI10,10,10,PB.RF.2
modeling-inequality-one-variable,IT-LICEI10,10,10,PB.RF.2
plane-transformations,IT-LICEI10,10,10,PB.G.5
polynomial-division,IT-LICEI10,10,10,ART.SB.AA.1
probability-combinatorial,IT-LICEI10,10,10,ART.PB.DP.1
quadratic-graph-sketch,IT-LICEI10,10,10,ART.SB.RF.1
quadratic-inequality,IT-LICEI10,10,10,ART.SB.RF.1
quadratic-vertex-form,IT-LICEI10,10,12,ART.SB.RF.1
rational-exponents,IT-LICEI10,10,10,PB.AA.8
reciprocal-function,IT-LICEI10,10,10,ART.PB.RF.1
reciprocal-function,IT-LICEI10,10,12,ART.PB.RF.1
right-triangle-trig,IT-LICEI10,10,10,ART.SB.G.2
root-rules,IT-LICEI10,10,10,PB.AA.7
rotational-symmetry,IT-LICEI10,10,10,PB.G.5
similar-figures-ratios,IT-LICEI10,10,10,PB.G.5
tangent-chord,IT-LICEI10,10,12,ART.SB.G.1
trig-graphs,IT-LICEI10,10,10,ART.SB.RF.2
trig-identities,IT-LICEI10,10,10,ART.SB.G.2
trig-plane-figures,IT-LICEI10,10,10,ART.SB.G.2
trig-values,IT-LICEI10,10,10,ART.SB.G.2
vectors-3d,IT-LICEI10,10,13,ART.Q.G.1
vectors-basic,IT-LICEI10,10,10,ART.SB.AA.2
weighted-mean,IT-LICEI10,10,10,PB.DP.3
arithmetic-sequence,IT-LICEI10,11,12,LSA.SB.RF.2
average-rate-of-change,IT-LICEI10,11,12,LES.SB.RF.7
binomial-coefficient,IT-LICEI10,11,12,CLA.SB.DP.3
circle-equation,IT-LICEI10,11,12,ART.SB.G.3
circle-measures,IT-LICEI10,11,12,ART.SB.G.1
complex-arithmetic,IT-LICEI10,11,12,LSA.SB.AA.3
complex-quadratic-roots,IT-LICEI10,11,12,LSA.SB.AA.3
compound-interest,IT-LICEI10,11,12,ART.SB.RF.3
conditional-probability,IT-LICEI10,11,12,CLA.SB.DP.3
counting-rules,IT-LICEI10,11,12,CLA.SB.DP.3
cylinder-cone-sphere,IT-LICEI10,11,12,ART.Q.G.1
dot-product,IT-LICEI10,11,12,ART.SB.AA.2
ellipse-hyperbola-foci,IT-LICEI10,11,12,SB.G.1
events-independence,IT-LICEI10,11,12,CLA.SB.DP.3
exponential-equation,IT-LICEI10,11,12,ART.SB.RF.4
exponential-function-value,IT-LICEI10,11,12,ART.SB.RF.2
exponential-vs-linear,IT-LICEI10,11,12,ART.SB.RF.3
geometric-sequence,IT-LICEI10,11,12,LSA.SB.RF.2
graph-reflections,IT-LICEI10,11,12,LES.SB.RF.6
graph-transformations,IT-LICEI10,11,12,ART.SB.RF.2
inscribed-central-angles,IT-LICEI10,11,12,ART.SB.G.1
law-of-cosines-sines,IT-LICEI10,11,12,ART.SB.G.2
line-parabola-system,IT-LICEI10,11,12,LSA.PB.RF.1
linear-model-scatter,IT-LICEI10,11,12,ART.SB.DP.1
logarithm-change-base,IT-LICEI10,11,12,LSA.SB.RF.3
logarithm-evaluate,IT-LICEI10,11,12,ART.SB.RF.2
logarithm-rules,IT-LICEI10,11,12,ART.SB.RF.2
numerical-iteration,IT-LICEI10,11,12,ART.SB.AA.4
periodic-functions,IT-LICEI10,11,12,ART.SB.RF.3
polynomial-division,IT-LICEI10,11,12,ART.SB.AA.1
polynomial-equation,IT-LICEI10,11,12,LSA.SB.RF.1
polynomial-factoring,IT-LICEI10,11,12,ART.SB.AA.1
polynomial-graph-zeros,IT-LICEI10,11,12,ART.SB.RF.2
polynomial-integer-roots,IT-LICEI10,11,12,LSA.SB.RF.1
polynomial-root-count,IT-LICEI10,11,12,LSA.SB.RF.1
prism-volume-surface,IT-LICEI10,11,12,ART.SB.G.5
probability-combinatorial,IT-LICEI10,11,12,ART.PB.DP.1
probability-two-stage,IT-LICEI10,11,12,CLA.SB.DP.3
pyramid-volume-surface,IT-LICEI10,11,12,ART.SB.G.5
quadratic-equation,IT-LICEI10,11,12,ART.SB.RF.1
quadratic-graph-sketch,IT-LICEI10,11,12,ART.SB.RF.1
quadratic-inequality,IT-LICEI10,11,12,ART.SB.RF.1
quadratic-vertex-form,IT-LICEI10,11,12,ART.SB.RF.1
radian-measure,IT-LICEI10,11,12,ART.SB.G.2
right-triangle-trig,IT-LICEI10,11,12,ART.SB.G.2
round-solids-surface,IT-LICEI10,11,12,LSA.SB.G.3
sample-to-population,IT-LICEI10,11,12,ART.SB.DP.1
sector-arc,IT-LICEI10,11,12,ART.SB.G.1
sequence-monotonicity,IT-LICEI10,11,12,LSA.SB.RF.2
sequence-terms,IT-LICEI10,11,12,LSA.SB.RF.2
solids-of-revolution,IT-LICEI10,11,12,LSA.SB.G.3
tangent-chord,IT-LICEI10,11,12,ART.SB.G.1
total-probability-bayes,IT-LICEI10,11,12,CLA.SB.DP.3
trig-graphs,IT-LICEI10,11,12,ART.SB.RF.2
trig-identities,IT-LICEI10,11,12,ART.SB.G.2
trig-plane-figures,IT-LICEI10,11,12,ART.SB.G.2
trig-values,IT-LICEI10,11,12,ART.SB.G.2
two-way-table,IT-LICEI10,11,12,ART.SB.DP.1
vectors-basic,IT-LICEI10,11,12,ART.SB.AA.2
vectors-on-grid,IT-LICEI10,11,12,ART.SB.AA.2
complex-conjugate-modulus,IT-LICEI10,12,12,LSA.SB.AA.3
complex-polar-form,IT-LICEI10,12,12,LSA.SB.AA.3
complex-polar-operations,IT-LICEI10,12,12,LSA.SB.AA.3
solid-angles,IT-LICEI10,12,12,ART.SB.G.6
solid-segments,IT-LICEI10,12,13,ART.Q.G.1
solid-segments,IT-LICEI10,12,12,ART.Q.G.1
three-perpendiculars,IT-LICEI10,12,12,ART.SB.G.6
trig-equations,IT-LICEI10,12,12,ART.SB.RF.4
area-integral,IT-LICEI10,13,13,ART.Q.RF.2
bernoulli-trials,IT-LICEI10,13,13,CLA.Q.DP.1
cylinder-cone-sphere,IT-LICEI10,13,13,ART.Q.G.1
derivative-graph,IT-LICEI10,13,13,Q.RF.2
derivatives,IT-LICEI10,13,13,ART.Q.RF.2
differential-equation-linear,IT-LICEI10,13,13,LSA.Q.RF.3
expected-value,IT-LICEI10,13,13,CLA.Q.DP.1
function-limits,IT-LICEI10,13,13,Q.RF.1
integrals,IT-LICEI10,13,13,ART.Q.RF.2
line-plane-position,IT-LICEI10,13,13,ART.Q.G.1
lines-in-space,IT-LICEI10,13,13,ART.Q.G.1
lines3-position,IT-LICEI10,13,13,CLA.Q.G.1
monotonicity-extrema,IT-LICEI10,13,13,ART.Q.RF.1
normal-distribution,IT-LICEI10,13,13,CLA.Q.DP.1
optimization,IT-LICEI10,13,13,ART.Q.RF.4
planes-in-space,IT-LICEI10,13,13,ART.Q.G.1
poisson-distribution,IT-LICEI10,13,13,LSA.Q.DP.1
sequence-limit,IT-LICEI10,13,13,Q.RF.1
tangent-line-derivative,IT-LICEI10,13,13,Q.RF.2
vectors-3d,IT-LICEI10,13,13,ART.Q.G.1
volume-of-revolution,IT-LICEI10,13,13,ART.Q.RF.2
add-within-20-no-regrouping,IT-MIM,1,3,P3.N.3
addition-within-100,IT-MIM,1,3,P3.N.3
build-solid-models,IT-MIM,1,3,P3.SF.3
classify-objects,IT-MIM,1,3,P3.RDP.1
classify-solids,IT-MIM,1,3,P3.RDP.1
clock-reading,IT-MIM,1,3,P3.RDP.2
compare-within-100,IT-MIM,1,3,P3.N.2
count-objects,IT-MIM,1,3,P3.N.1
counting-in-steps,IT-MIM,1,3,P3.N.1
directional-lines,IT-MIM,1,3,P3.SF.1
draw-segments,IT-MIM,1,3,P3.SF.3
figure-recognition,IT-MIM,1,3,P3.SF.2
inverse-operations-check,IT-MIM,1,3,P3.N.3
measure-mm-cm-m,IT-MIM,1,3,P3.RDP.2
number-word-form,IT-MIM,1,3,P3.N.1
operation-properties,IT-MIM,1,3,P3.N.3
ordinal-numbers,IT-MIM,1,3,P3.N.1
place-value-tens-ones,IT-MIM,1,3,P3.N.1
spatial-directions,IT-MIM,1,3,P3.SF.1
subtract-within-100-basic,IT-MIM,1,3,P3.N.3
successor-predecessor,IT-MIM,1,3,P3.N.1
add-subtract-hundreds,IT-MIM,2,3,P3.N.3
add-within-100-regrouping,IT-MIM,2,3,P3.N.3
money-shopping-change,IT-MIM,2,3,P3.N.4
multiplication-table,IT-MIM,2,3,P3.N.4
number-line,IT-MIM,2,5,P3.N.2
odd-even,IT-MIM,2,3,P3.RDP.1
time-duration,IT-MIM,2,3,P3.RDP.2
addition-within-1000,IT-MIM,3,3,P3.N.3
area-by-tiling,IT-MIM,3,5,P3.SF.3
capacity-units,IT-MIM,3,3,P3.RDP.2
compare-within-1000,IT-MIM,3,3,P3.N.2
compound-units-length,IT-MIM,3,3,P3.SF.3
kilometer-concept,IT-MIM,3,3,P3.RDP.2
mass-units,IT-MIM,3,3,P3.RDP.2
multiply-by-ten,IT-MIM,3,3,P3.N.3
multiply-two-digit-by-two,IT-MIM,3,3,P3.N.3
place-value-3digit,IT-MIM,3,3,P3.N.1
symmetry-grid,IT-MIM,3,3,P3.SF.2
angle-classify,IT-MIM,4,5,P5.SF.3
angle-measure-protractor,IT-MIM,4,5,P5.SF.3
chance-estimation,IT-MIM,4,5,P5.RDP.3
chance-vocabulary,IT-MIM,4,5,P5.RDP.3
data-interpretation,IT-MIM,4,5,P5.RDP.1
data-read-charts,IT-MIM,4,8,P5.RDP.1
data-tables-charts,IT-MIM,4,5,P5.RDP.1
decimal-add-subtract,IT-MIM,4,5,P5.N.1
decimal-place-value,IT-MIM,4,5,P5.N.1
decimal-to-fraction,IT-MIM,4,8,P5.N.4
decimals-compare,IT-MIM,4,5,P5.N.1
decimals-on-number-line,IT-MIM,4,8,P5.N.5
division-table,IT-MIM,4,5,P5.N.1
elapsed-time-hms,IT-MIM,4,5,P5.RDP.2
estimate-calculation,IT-MIM,4,8,P5.N.3
estimation-everyday,IT-MIM,4,5,P5.N.2
factors-and-multiples,IT-MIM,4,5,P5.N.3
fraction-add-subtract-like,IT-MIM,4,5,P5.N.4
fraction-expand,IT-MIM,4,5,P5.N.4
fraction-of-quantity,IT-MIM,4,8,P5.N.4
fraction-part-whole,IT-MIM,4,5,P5.N.4
fraction-to-decimal,IT-MIM,4,8,P5.N.4
fractions-compare,IT-MIM,4,5,P5.N.4
fractions-on-number-line,IT-MIM,4,8,P5.N.5
lines-parallel-perpendicular,IT-MIM,4,5,P5.SF.3
long-division-one-digit,IT-MIM,4,5,P5.N.1
mental-transformations,IT-MIM,4,5,P5.SF.3
money-calculations,IT-MIM,4,5,P5.RDP.2
number-pattern-rule,IT-MIM,4,8,P5.RDP.3
patterns-rhythms,IT-MIM,4,5,P5.RDP.3
perimeter-rectangle,IT-MIM,4,5,P5.SF.3
perimeter-square,IT-MIM,4,5,P5.SF.3
perimeter-triangle,IT-MIM,4,5,P5.SF.3
place-value-multidigit,IT-MIM,4,5,P5.N.1
polygon-perimeter,IT-MIM,4,5,P5.SF.3
rectangle-area,IT-MIM,4,5,P5.SF.4
roman-numerals,IT-MIM,4,5,P5.N.5
roman-numerals-3000,IT-MIM,4,8,P5.N.5
round-whole-numbers,IT-MIM,4,5,P5.N.2
rounding-10-100,IT-MIM,4,5,P5.N.3
scaling-grid,IT-MIM,4,5,P5.SF.3
solid-recognition,IT-MIM,4,5,P5.SF.4
temperature-reading,IT-MIM,4,5,P5.N.4
triangle-classify,IT-MIM,4,8,P5.SF.1
unit-convert-capacity,IT-MIM,4,5,P5.RDP.2
unit-convert-length,IT-MIM,4,5,P5.RDP.2
unit-convert-mass,IT-MIM,4,5,P5.RDP.2
unit-fractions,IT-MIM,4,5,P5.N.4
written-add-subtract-multidigit,IT-MIM,4,5,P5.N.1
written-multiply-multidigit,IT-MIM,4,5,P5.N.1
written-multiply-one-digit,IT-MIM,4,5,P5.N.1
arithmetic-mean,IT-MIM,5,8,P5.RDP.1
coordinate-point-read,IT-MIM,5,8,P5.SF.2
data-median,IT-MIM,5,8,P5.RDP.1
decimals-round,IT-MIM,5,5,P5.N.2
divisibility-rules,IT-MIM,5,5,P5.N.3
integers-in-context,IT-MIM,5,5,P5.N.4
percent-of-quantity,IT-MIM,5,8,P5.N.4
quadrilateral-classify,IT-MIM,5,8,P5.SF.1
symmetry-axial,IT-MIM,5,5,P5.SF.1
triangle-area,IT-MIM,5,8,P5.SF.4
unit-convert-area-volume,IT-MIM,5,5,P5.RDP.2
angle-sum-polygon,IT-MIM,6,8,S3.SF.4
circle-parts,IT-MIM,6,8,S3.SF.4
coordinate-distance-aligned,IT-MIM,6,8,S3.SF.3
cuboid-surface-area,IT-MIM,6,8,S3.SF.8
cuboid-volume,IT-MIM,6,8,S3.SF.8
data-range,IT-MIM,6,8,S3.DP.2
decimal-divide,IT-MIM,6,8,S3.N.1
decimal-multiply,IT-MIM,6,8,S3.N.1
equation-from-context,IT-MIM,6,8,S3.RF.3
equation-one-step,IT-MIM,6,8,S3.RF.3
fraction-add-subtract-unlike,IT-MIM,6,8,S3.N.1
fraction-common-denominator,IT-MIM,6,8,S3.N.1
fraction-divide-fraction,IT-MIM,6,8,S3.N.1
fraction-simplify,IT-MIM,6,8,S3.N.4
fraction-times-fraction,IT-MIM,6,8,S3.N.1
fraction-to-repeating-decimal,IT-MIM,6,8,S3.N.4
fractions-compare-unlike,IT-MIM,6,8,S3.N.1
function-table,IT-MIM,6,8,S3.INF.2
greatest-common-factor,IT-MIM,6,8,S3.N.5
integers-add-subtract,IT-MIM,6,8,S3.N.1
integers-compare,IT-MIM,6,8,S3.N.1
integers-on-number-line,IT-MIM,6,8,S3.N.3
least-common-multiple,IT-MIM,6,8,S3.N.5
mental-calculation-properties,IT-MIM,6,8,S3.N.10
order-of-operations-brackets,IT-MIM,6,8,S3.N.11
parallelogram-area,IT-MIM,6,8,S3.SF.5
prime-composite,IT-MIM,6,8,S3.N.7
prime-factorization,IT-MIM,6,8,S3.N.7
proportion-missing-value,IT-MIM,6,8,S3.RF.3
ratio-simplify,IT-MIM,6,8,S3.N.4
scale-length,IT-MIM,6,8,S3.SF.3
solid-nets,IT-MIM,6,8,S3.SF.3
trapezoid-area,IT-MIM,6,8,S3.SF.5
two-patterns-relationship,IT-MIM,6,8,S3.RF.1
unit-rate,IT-MIM,6,8,S3.RF.3
area-decomposition,IT-MIM,7,8,S3.SF.5
circle-measures,IT-MIM,7,8,S3.SF.7
compare-two-distributions,IT-MIM,7,8,S3.DP.1
coordinate-distance-pythagoras,IT-MIM,7,8,S3.SF.6
data-plot-read,IT-MIM,7,8,S3.DP.1
distributive-property,IT-MIM,7,8,S3.N.10
equation-both-sides,IT-MIM,7,8,S3.RF.3
equation-two-step,IT-MIM,7,8,S3.RF.3
expression-from-words,IT-MIM,7,8,S3.N.10
graph-change-over-time,IT-MIM,7,8,S3.RF.2
inverse-proportion,IT-MIM,7,8,S3.RF.2
linear-function-value,IT-MIM,7,8,S3.RF.2
number-bases,IT-MIM,7,8,S3.N.2
percent-change,IT-MIM,7,8,S3.N.5
percent-find-whole,IT-MIM,7,8,S3.N.5
percent-what-percent,IT-MIM,7,8,S3.N.5
pie-chart-angle,IT-MIM,7,8,S3.DP.1
power-rules,IT-MIM,7,8,S3.N.7
powers-evaluate,IT-MIM,7,8,S3.N.7
probability-single-event,IT-MIM,7,8,S3.DP.3
pythagoras,IT-MIM,7,8,S3.SF.6
rational-multistep,IT-MIM,7,8,S3.N.11
regular-polygon-angle,IT-MIM,7,8,S3.SF.4
relative-frequency-from-trials,IT-MIM,7,8,S3.DP.1
roots-estimate,IT-MIM,7,8,S3.N.8
roots-evaluate,IT-MIM,7,8,S3.N.8
scientific-notation,IT-MIM,7,8,S3.N.11
signed-add-subtract-rational,IT-MIM,7,8,S3.N.1
signed-multiply-divide,IT-MIM,7,8,S3.N.1
symmetry-central,IT-MIM,7,8,S3.SF.4
triangle-congruence,IT-MIM,7,8,S3.SF.5
coordinate-transformations,IT-MIM,8,8,S3.SF.4
cylinder-cone-sphere,IT-MIM,8,8,S3.SF.8
prism-volume-surface,IT-MIM,8,8,S3.SF.8
probability-addition-rule,IT-MIM,8,8,S3.DP.3
probability-two-stage,IT-MIM,8,8,S3.DP.3
pyramid-volume-surface,IT-MIM,8,8,S3.SF.8
quadratic-function-value,IT-MIM,8,8,S3.RF.2
repeating-decimal-to-fraction,IT-MIM,8,8,S3.N.4
significant-figures,IT-MIM,8,8,S3.N.11
similar-triangles-criteria,IT-MIM,8,8,S3.SF.5
add-within-20-no-regrouping,IT-MIUR12,1,3,P3.N.3
addition-within-100,IT-MIUR12,1,3,P3.N.3
build-solid-models,IT-MIUR12,1,3,P3.SF.5
classify-objects,IT-MIUR12,1,3,P3.RDP.1
classify-solids,IT-MIUR12,1,3,P3.SF.5
clock-reading,IT-MIUR12,1,3,P3.RDP.4
compare-within-100,IT-MIUR12,1,3,P3.N.2
count-objects,IT-MIUR12,1,3,P3.N.1
counting-in-steps,IT-MIUR12,1,3,P3.N.1
data-tables-charts,IT-MIUR12,1,5,P3.RDP.3
directional-lines,IT-MIUR12,1,3,P3.SF.3
figure-recognition,IT-MIUR12,1,3,P3.SF.4
inverse-operations-check,IT-MIUR12,1,3,P3.N.4
measure-mm-cm-m,IT-MIUR12,1,3,P3.RDP.4
number-word-form,IT-MIUR12,1,3,P3.N.2
operation-properties,IT-MIUR12,1,3,P3.N.3
place-value-tens-ones,IT-MIUR12,1,3,P3.N.2
spatial-directions,IT-MIUR12,1,3,P3.SF.3
spatial-position-words,IT-MIUR12,1,3,P3.SF.2
subtract-within-100-basic,IT-MIUR12,1,3,P3.N.3
successor-predecessor,IT-MIUR12,1,3,P3.N.2
add-subtract-hundreds,IT-MIUR12,2,3,P3.N.3
add-within-100-regrouping,IT-MIUR12,2,3,P3.N.3
data-interpretation,IT-MIUR12,2,5,P3.RDP.3
money-shopping-change,IT-MIUR12,2,3,P3.N.5
multiplication-table,IT-MIUR12,2,3,P3.N.4
number-line,IT-MIUR12,2,5,P3.N.2
odd-even,IT-MIUR12,2,3,P3.RDP.1
time-duration,IT-MIUR12,2,3,P3.RDP.4
unit-benchmarks,IT-MIUR12,2,3,P3.RDP.4
addition-within-1000,IT-MIUR12,3,3,P3.N.4
capacity-units,IT-MIUR12,3,3,P3.RDP.4
compare-within-1000,IT-MIUR12,3,3,P3.N.2
compound-units-length,IT-MIUR12,3,3,P3.RDP.4
division-table,IT-MIUR12,3,3,P3.N.4
kilometer-concept,IT-MIUR12,3,3,P3.RDP.4
mass-units,IT-MIUR12,3,3,P3.RDP.4
multiply-by-ten,IT-MIUR12,3,3,P3.N.3
multiply-two-digit-by-two,IT-MIUR12,3,3,P3.N.4
place-value-3digit,IT-MIUR12,3,3,P3.N.2
written-algorithms,IT-MIUR12,3,3,P3.N.4
angle-classify,IT-MIUR12,4,5,P5.SF.6
angle-measure-protractor,IT-MIUR12,4,5,P5.SF.6
area-by-tiling,IT-MIUR12,4,8,P5.SF.10
chance-estimation,IT-MIUR12,4,5,P5.RDP.6
chance-vocabulary,IT-MIUR12,4,5,P5.RDP.6
data-read-charts,IT-MIUR12,4,8,P5.RDP.1
decimal-add-subtract,IT-MIUR12,4,5,P5.N.2
decimal-place-value,IT-MIUR12,4,5,P5.N.1
decimal-to-fraction,IT-MIUR12,4,8,P5.N.6
decimals-compare,IT-MIUR12,4,5,P5.N.1
decimals-on-number-line,IT-MIUR12,4,8,P5.N.8
elapsed-time-hms,IT-MIUR12,4,5,P5.RDP.4
estimate-calculation,IT-MIUR12,4,8,P5.N.4
estimation-everyday,IT-MIUR12,4,5,P5.RDP.4
factors-and-multiples,IT-MIUR12,4,8,P5.N.3
fraction-add-subtract-like,IT-MIUR12,4,5,P5.N.5
fraction-expand,IT-MIUR12,4,5,P5.N.5
fraction-of-quantity,IT-MIUR12,4,5,P5.N.6
fraction-part-whole,IT-MIUR12,4,5,P5.N.5
fraction-to-decimal,IT-MIUR12,4,8,P5.N.6
fractions-compare,IT-MIUR12,4,5,P5.N.5
fractions-on-number-line,IT-MIUR12,4,8,P5.N.8
lines-parallel-perpendicular,IT-MIUR12,4,5,P5.SF.7
long-division-one-digit,IT-MIUR12,4,5,P5.N.2
mental-transformations,IT-MIUR12,4,5,P5.SF.5
money-calculations,IT-MIUR12,4,5,P5.RDP.5
number-pattern-rule,IT-MIUR12,4,5,P5.RDP.7
patterns-rhythms,IT-MIUR12,4,5,P5.RDP.7
perimeter-rectangle,IT-MIUR12,4,5,P5.SF.9
perimeter-square,IT-MIUR12,4,5,P5.SF.9
perimeter-triangle,IT-MIUR12,4,5,P5.SF.9
place-value-multidigit,IT-MIUR12,4,5,P5.N.1
polygon-perimeter,IT-MIUR12,4,5,P5.SF.9
rectangle-area,IT-MIUR12,4,5,P5.SF.10
roman-numerals,IT-MIUR12,4,5,P5.N.9
roman-numerals-3000,IT-MIUR12,4,5,P5.N.9
round-whole-numbers,IT-MIUR12,4,5,P5.N.4
rounding-10-100,IT-MIUR12,4,5,P5.N.4
scaling-grid,IT-MIUR12,4,5,P5.SF.8
solid-recognition,IT-MIUR12,4,5,P5.SF.4
temperature-reading,IT-MIUR12,4,5,P5.N.7
triangle-classify,IT-MIUR12,4,8,P5.SF.1
unit-convert-capacity,IT-MIUR12,4,5,P5.RDP.4
unit-convert-length,IT-MIUR12,4,5,P5.RDP.4
unit-convert-mass,IT-MIUR12,4,5,P5.RDP.4
unit-fractions,IT-MIUR12,4,5,P5.N.5
word-problem-multistep,IT-MIUR12,4,5,P5.RDP.3
written-add-subtract-multidigit,IT-MIUR12,4,5,P5.N.2
written-multiply-multidigit,IT-MIUR12,4,5,P5.N.2
written-multiply-one-digit,IT-MIUR12,4,5,P5.N.2
arithmetic-mean,IT-MIUR12,5,8,P5.RDP.2
coordinate-point-read,IT-MIUR12,5,8,P5.SF.3
divisibility-rules,IT-MIUR12,5,5,P5.N.3
integers-in-context,IT-MIUR12,5,5,P5.N.7
percent-of-quantity,IT-MIUR12,5,8,P5.N.6
quadrilateral-classify,IT-MIUR12,5,8,P5.SF.1
solid-elements,IT-MIUR12,5,5,P5.SF.4
solid-nets,IT-MIUR12,5,8,P5.SF.11
symmetry-axial,IT-MIUR12,5,5,P5.SF.1
triangle-area,IT-MIUR12,5,8,P5.SF.10
unit-convert-area-volume,IT-MIUR12,5,5,P5.RDP.5
angle-sum-polygon,IT-MIUR12,6,8,S3.SF.3
angles-missing-part,IT-MIUR12,6,8,S3.SF.16
circle-parts,IT-MIUR12,6,8,S3.SF.3
coordinate-distance-aligned,IT-MIUR12,6,8,S3.SF.2
cuboid-surface-area,IT-MIUR12,6,8,S3.SF.15
cuboid-volume,IT-MIUR12,6,8,S3.SF.15
data-range,IT-MIUR12,6,8,S3.DP.1
decimal-divide,IT-MIUR12,6,8,S3.N.1
decimal-multiply,IT-MIUR12,6,8,S3.N.1
equation-from-context,IT-MIUR12,6,8,S3.RF.4
equation-one-step,IT-MIUR12,6,8,S3.RF.4
fraction-add-subtract-unlike,IT-MIUR12,6,8,S3.N.1
fraction-common-denominator,IT-MIUR12,6,8,S3.N.1
fraction-divide-fraction,IT-MIUR12,6,8,S3.N.1
fraction-simplify,IT-MIUR12,6,8,S3.N.6
fraction-times-fraction,IT-MIUR12,6,8,S3.N.1
fraction-to-repeating-decimal,IT-MIUR12,6,8,S3.N.6
fractions-compare-unlike,IT-MIUR12,6,8,S3.N.1
function-table,IT-MIUR12,6,8,S3.RF.3
greatest-common-factor,IT-MIUR12,6,8,S3.N.10
integers-add-subtract,IT-MIUR12,6,8,S3.N.1
integers-compare,IT-MIUR12,6,8,S3.N.1
integers-on-number-line,IT-MIUR12,6,8,S3.N.3
least-common-multiple,IT-MIUR12,6,8,S3.N.10
mental-calculation-properties,IT-MIUR12,6,8,S3.N.16
order-of-operations-brackets,IT-MIUR12,6,8,S3.N.18
parallelogram-area,IT-MIUR12,6,8,S3.SF.8
prime-composite,IT-MIUR12,6,8,S3.N.11
prime-factorization,IT-MIUR12,6,8,S3.N.11
proportion-missing-value,IT-MIUR12,6,8,S3.RF.2
ratio-simplify,IT-MIUR12,6,8,S3.N.5
scale-length,IT-MIUR12,6,8,S3.SF.6
trapezoid-area,IT-MIUR12,6,8,S3.SF.8
triangle-inequality,IT-MIUR12,6,8,S3.SF.16
area-decomposition,IT-MIUR12,7,8,S3.SF.8
circle-measures,IT-MIUR12,7,8,S3.SF.10
compare-two-distributions,IT-MIUR12,7,8,S3.DP.1
coordinate-distance-pythagoras,IT-MIUR12,7,8,S3.SF.7
data-median,IT-MIUR12,7,8,S3.DP.1
data-plot-read,IT-MIUR12,7,8,S3.DP.1
distributive-property,IT-MIUR12,7,8,S3.N.16
equation-both-sides,IT-MIUR12,7,8,S3.RF.4
equation-two-step,IT-MIUR12,7,8,S3.RF.4
expression-evaluate,IT-MIUR12,7,8,S3.RF.1
expression-from-words,IT-MIUR12,7,8,S3.N.17
formula-rearrange,IT-MIUR12,7,8,S3.RF.1
graph-change-over-time,IT-MIUR12,7,8,S3.RF.3
inverse-proportion,IT-MIUR12,7,8,S3.RF.3
like-terms,IT-MIUR12,7,8,S3.RF.1
linear-function-value,IT-MIUR12,7,8,S3.RF.3
percent-change,IT-MIUR12,7,8,S3.N.8
percent-find-whole,IT-MIUR12,7,8,S3.N.7
percent-what-percent,IT-MIUR12,7,8,S3.N.7
power-rules,IT-MIUR12,7,8,S3.N.12
powers-evaluate,IT-MIUR12,7,8,S3.N.12
probability-single-event,IT-MIUR12,7,8,S3.DP.2
pythagoras,IT-MIUR12,7,8,S3.SF.7
rational-multistep,IT-MIUR12,7,8,S3.N.18
regular-polygon-angle,IT-MIUR12,7,8,S3.SF.3
relative-frequency-from-trials,IT-MIUR12,7,8,S3.DP.1
roots-estimate,IT-MIUR12,7,8,S3.N.14
roots-evaluate,IT-MIUR12,7,8,S3.N.13
scientific-notation,IT-MIUR12,7,8,S3.N.19
signed-add-subtract-rational,IT-MIUR12,7,8,S3.N.1
signed-multiply-divide,IT-MIUR12,7,8,S3.N.1
symmetry-central,IT-MIUR12,7,8,S3.SF.12
triangle-congruence,IT-MIUR12,7,8,S3.SF.12
coordinate-transformations,IT-MIUR12,8,8,S3.SF.12
cylinder-cone-sphere,IT-MIUR12,8,8,S3.SF.15
prism-volume-surface,IT-MIUR12,8,8,S3.SF.15
probability-addition-rule,IT-MIUR12,8,8,S3.DP.3
probability-two-stage,IT-MIUR12,8,8,S3.DP.2
pyramid-volume-surface,IT-MIUR12,8,8,S3.SF.15
quadratic-function-value,IT-MIUR12,8,8,S3.RF.3
repeating-decimal-to-fraction,IT-MIUR12,8,8,S3.N.6
significant-figures,IT-MIUR12,8,8,S3.N.19
similar-triangles-criteria,IT-MIUR12,8,8,S3.SF.6
absolute-value,NL-HAVOVWO,10,12,VB.B2.5
analytic-lines,NL-HAVOVWO,10,11,HB.C2.9
analytic-lines,NL-HAVOVWO,10,12,VB.E2.15
area-integral,NL-HAVOVWO,10,12,VB.C3.12
arithmetic-mean,NL-HAVOVWO,10,11,HA.E2.14
arithmetic-mean,NL-HAVOVWO,10,12,VC.E3.10
arithmetic-mean,NL-HAVOVWO,10,12,VA.E3.13
arithmetic-sequence,NL-HAVOVWO,10,12,VC.D.7
arithmetic-sequence,NL-HAVOVWO,10,12,VA.D1.8
average-rate-of-change,NL-HAVOVWO,10,11,HB.D1.10
average-rate-of-change,NL-HAVOVWO,10,12,VA.D2.9
average-rate-of-change,NL-HAVOVWO,10,11,HA.D.12
average-rate-of-change,NL-HAVOVWO,10,12,VC.D.7
bernoulli-trials,NL-HAVOVWO,10,12,VC.E5.12
bernoulli-trials,NL-HAVOVWO,10,12,VA.E5.15
binomial-coefficient,NL-HAVOVWO,10,12,VC.B2.5
binomial-coefficient,NL-HAVOVWO,10,12,VA.B2.5
binomial-coefficient,NL-HAVOVWO,10,11,HA.B3.6
binomial-product,NL-HAVOVWO,10,11,HA.B2.5
binomial-product,NL-HAVOVWO,10,12,VA.B1.4
circle-equation,NL-HAVOVWO,10,12,VB.E2.15
circle-line-intersection,NL-HAVOVWO,10,12,VB.E2.15
circle-tangent-line,NL-HAVOVWO,10,12,VB.E2.15
circles-position,NL-HAVOVWO,10,12,VB.E2.15
compare-two-distributions,NL-HAVOVWO,10,11,HA.E4.16
compound-interest,NL-HAVOVWO,10,11,HA.C5.11
conditional-probability,NL-HAVOVWO,10,12,VA.E4.14
conditional-probability,NL-HAVOVWO,10,12,VC.E4.11
converse-statement,NL-HAVOVWO,10,12,VC.F.14
coordinate-distance-pythagoras,NL-HAVOVWO,10,12,VB.E2.15
coordinate-distance-pythagoras,NL-HAVOVWO,10,11,HB.C2.9
counterexample,NL-HAVOVWO,10,12,VC.F.14
counting-rules,NL-HAVOVWO,10,11,HA.B3.6
counting-rules,NL-HAVOVWO,10,12,VC.B2.5
counting-rules,NL-HAVOVWO,10,12,VA.B2.5
data-distribution-compare,NL-HAVOVWO,10,11,HA.E1.13
data-distribution-compare,NL-HAVOVWO,10,12,VA.E3.13
data-median,NL-HAVOVWO,10,12,VC.E3.10
data-median,NL-HAVOVWO,10,12,VA.E3.13
data-median,NL-HAVOVWO,10,11,HA.E2.14
data-mode,NL-HAVOVWO,10,11,HA.E2.14
data-plot-read,NL-HAVOVWO,10,12,VA.E2.12
data-plot-read,NL-HAVOVWO,10,11,HA.E1.13
data-plot-read,NL-HAVOVWO,10,12,VC.E2.9
data-tables-charts,NL-HAVOVWO,10,11,HA.C1.7
data-variance,NL-HAVOVWO,10,12,VC.E3.10
data-variance,NL-HAVOVWO,10,12,VA.E3.13
data-variance,NL-HAVOVWO,10,11,HA.E2.14
derivative-graph,NL-HAVOVWO,10,12,VB.C1.10
derivative-graph,NL-HAVOVWO,10,11,HB.D2.11
derivative-graph,NL-HAVOVWO,10,12,VA.D2.9
derivatives,NL-HAVOVWO,10,12,VB.C2.11
derivatives,NL-HAVOVWO,10,12,VA.D3.10
derivatives,NL-HAVOVWO,10,11,HB.D3.12
distributive-property,NL-HAVOVWO,10,11,HA.B2.5
distributive-property,NL-HAVOVWO,10,12,VC.B1.4
distributive-property,NL-HAVOVWO,10,12,VA.B1.4
dot-product,NL-HAVOVWO,10,12,VB.E3.16
events-independence,NL-HAVOVWO,10,12,VA.E4.14
expected-value,NL-HAVOVWO,10,12,VC.E5.12
expected-value,NL-HAVOVWO,10,12,VA.E5.15
exponential-equation,NL-HAVOVWO,10,12,VC.C.6
exponential-equation,NL-HAVOVWO,10,11,HB.B2.5
exponential-equation,NL-HAVOVWO,10,11,HA.C5.11
exponential-equation,NL-HAVOVWO,10,12,VB.B5.8
exponential-equation,NL-HAVOVWO,10,12,VA.C2.7
exponential-function-value,NL-HAVOVWO,10,11,HA.C5.11
exponential-function-value,NL-HAVOVWO,10,12,VC.C.6
exponential-function-value,NL-HAVOVWO,10,12,VB.B2.5
exponential-function-value,NL-HAVOVWO,10,11,HB.B1.4
exponential-function-value,NL-HAVOVWO,10,12,VA.C1.6
exponential-vs-linear,NL-HAVOVWO,10,11,HA.C5.11
expression-evaluate,NL-HAVOVWO,10,12,VB.B1.4
expression-evaluate,NL-HAVOVWO,10,11,HA.B2.5
formula-rearrange,NL-HAVOVWO,10,12,VB.B1.4
formula-rearrange,NL-HAVOVWO,10,12,VA.B1.4
formula-rearrange,NL-HAVOVWO,10,11,HA.C3.9
function-composition,NL-HAVOVWO,10,12,VB.B3.6
function-graph-reading,NL-HAVOVWO,10,12,VC.C.6
function-graph-reading,NL-HAVOVWO,10,11,HA.C2.8
function-graph-reading,NL-HAVOVWO,10,12,VA.C1.6
function-graph-reading,NL-HAVOVWO,10,11,HB.B1.4
function-graph-reading,NL-HAVOVWO,10,12,VB.B1.4
function-limits,NL-HAVOVWO,10,12,VB.B6.9
function-table,NL-HAVOVWO,10,11,HA.C1.7
geometric-sequence,NL-HAVOVWO,10,12,VA.D1.8
geometric-sequence,NL-HAVOVWO,10,12,VC.D.7
graph-change-over-time,NL-HAVOVWO,10,11,HB.D1.10
graph-change-over-time,NL-HAVOVWO,10,11,HA.C2.8
graph-change-over-time,NL-HAVOVWO,10,12,VC.D.7
graph-reflections,NL-HAVOVWO,10,11,HB.B1.4
graph-reflections,NL-HAVOVWO,10,12,VB.B3.6
graph-transformations,NL-HAVOVWO,10,11,HB.B1.4
graph-transformations,NL-HAVOVWO,10,12,VB.B3.6
grouped-frequency-mean,NL-HAVOVWO,10,11,HA.E2.14
integrals,NL-HAVOVWO,10,12,VB.C3.12
inverse-function,NL-HAVOVWO,10,12,VB.B4.7
law-of-cosines-sines,NL-HAVOVWO,10,11,HB.C1.8
like-terms,NL-HAVOVWO,10,11,HA.B2.5
like-terms,NL-HAVOVWO,10,12,VC.B1.4
like-terms,NL-HAVOVWO,10,12,VA.B1.4
linear-approximation,NL-HAVOVWO,10,11,HB.D2.11
linear-function-from-points,NL-HAVOVWO,10,11,HB.C2.9
linear-function-from-points,NL-HAVOVWO,10,11,HA.C4.10
linear-function-from-points,NL-HAVOVWO,10,12,VC.C.6
linear-function-slope,NL-HAVOVWO,10,11,HA.C4.10
linear-function-value,NL-HAVOVWO,10,11,HA.C3.9
linear-function-zero,NL-HAVOVWO,10,11,HA.C4.10
linear-inequality,NL-HAVOVWO,10,12,VA.C2.7
linear-inequality,NL-HAVOVWO,10,11,HA.C2.8
linear-model-meaning,NL-HAVOVWO,10,11,HA.C4.10
linear-model-scatter,NL-HAVOVWO,10,11,HA.E4.16
linear-system-two,NL-HAVOVWO,10,11,HB.B2.5
linear-system-two,NL-HAVOVWO,10,12,VB.B5.8
logarithm-evaluate,NL-HAVOVWO,10,11,HB.B1.4
logarithm-evaluate,NL-HAVOVWO,10,12,VA.C1.6
logarithm-evaluate,NL-HAVOVWO,10,11,HA.C5.11
logarithm-evaluate,NL-HAVOVWO,10,12,VC.C.6
logarithm-evaluate,NL-HAVOVWO,10,12,VB.B2.5
logarithm-rules,NL-HAVOVWO,10,12,VB.B5.8
logarithm-rules,NL-HAVOVWO,10,12,VA.C2.7
modeling-linear-relation,NL-HAVOVWO,10,11,HA.C4.10
modeling-with-solids,NL-HAVOVWO,10,12,VC.G.15
monotonicity-extrema,NL-HAVOVWO,10,11,HB.D4.13
monotonicity-extrema,NL-HAVOVWO,10,12,VB.C1.10
monotonicity-extrema,NL-HAVOVWO,10,12,VA.D3.10
multiplication-rule-counting,NL-HAVOVWO,10,12,VC.B2.5
multiplication-rule-counting,NL-HAVOVWO,10,12,VA.B2.5
multiplication-rule-counting,NL-HAVOVWO,10,11,HA.B3.6
natural-logarithm,NL-HAVOVWO,10,12,VA.D3.10
natural-logarithm,NL-HAVOVWO,10,12,VB.B2.5
normal-distribution,NL-HAVOVWO,10,12,VA.E5.15
normal-distribution,NL-HAVOVWO,10,11,HA.E3.15
normal-distribution,NL-HAVOVWO,10,12,VC.E5.12
optimization,NL-HAVOVWO,10,11,HB.D4.13
optimization,NL-HAVOVWO,10,12,VB.C1.10
order-of-operations-brackets,NL-HAVOVWO,10,12,VC.B1.4
order-of-operations-brackets,NL-HAVOVWO,10,11,HA.B1.4
percent-change,NL-HAVOVWO,10,12,VC.B1.4
percent-change,NL-HAVOVWO,10,11,HA.B1.4
periodic-functions,NL-HAVOVWO,10,11,HB.B4.7
periodic-functions,NL-HAVOVWO,10,12,VC.C.6
periodic-functions,NL-HAVOVWO,10,12,VB.D.13
polynomial-equation,NL-HAVOVWO,10,11,HB.B2.5
polynomial-inequality,NL-HAVOVWO,10,12,VB.B5.8
power-rules,NL-HAVOVWO,10,12,VC.B1.4
power-rules,NL-HAVOVWO,10,12,VA.B1.4
powers-evaluate,NL-HAVOVWO,10,11,HA.B1.4
probability-addition-rule,NL-HAVOVWO,10,12,VA.E4.14
probability-combinatorial,NL-HAVOVWO,10,12,VA.E4.14
probability-combinatorial,NL-HAVOVWO,10,12,VC.E4.11
probability-two-stage,NL-HAVOVWO,10,12,VA.E4.14
probability-two-stage,NL-HAVOVWO,10,12,VC.E4.11
proportion-equation,NL-HAVOVWO,10,11,HB.B3.6
pythagoras,NL-HAVOVWO,10,11,HB.C1.8
quadratic-equation,NL-HAVOVWO,10,12,VC.C.6
quadratic-equation,NL-HAVOVWO,10,11,HB.B2.5
quadratic-equation,NL-HAVOVWO,10,12,VA.C2.7
quadratic-function-value,NL-HAVOVWO,10,12,VA.C1.6
quadratic-inequality,NL-HAVOVWO,10,12,VB.B5.8
quadratic-inequality,NL-HAVOVWO,10,12,VA.C2.7
quadratic-inequality,NL-HAVOVWO,10,11,HB.B2.5
quadratic-vertex-form,NL-HAVOVWO,10,12,VB.B3.6
radian-measure,NL-HAVOVWO,10,12,VB.D.13
rational-equation,NL-HAVOVWO,10,11,HB.B2.5
rational-equation,NL-HAVOVWO,10,12,VB.B5.8
rational-exponents,NL-HAVOVWO,10,12,VB.B2.5
rational-exponents,NL-HAVOVWO,10,11,HB.B1.4
reciprocal-function,NL-HAVOVWO,10,12,VB.B6.9
reciprocal-function,NL-HAVOVWO,10,12,VA.C1.6
right-triangle-trig,NL-HAVOVWO,10,11,HB.C1.8
sample-to-population,NL-HAVOVWO,10,12,VA.E6.16
sample-to-population,NL-HAVOVWO,10,11,HA.E4.16
sampling-inference,NL-HAVOVWO,10,12,VA.E6.16
sampling-inference,NL-HAVOVWO,10,11,HA.E4.16
scientific-notation,NL-HAVOVWO,10,11,HA.B1.4
segment-midpoint,NL-HAVOVWO,10,11,HB.C2.9
segment-midpoint,NL-HAVOVWO,10,12,VB.E2.15
sequence-nth-term,NL-HAVOVWO,10,12,VA.D1.8
sequence-terms,NL-HAVOVWO,10,12,VA.D1.8
significant-figures,NL-HAVOVWO,10,11,HA.B1.4
similar-figures-ratios,NL-HAVOVWO,10,11,HB.B3.6
similar-solids,NL-HAVOVWO,10,11,HB.B3.6
solid-cross-sections,NL-HAVOVWO,10,12,VC.G.15
solid-segments,NL-HAVOVWO,10,12,VC.G.15
tangent-line-derivative,NL-HAVOVWO,10,11,HB.D2.11
tangent-line-derivative,NL-HAVOVWO,10,12,VB.C1.10
tangent-line-derivative,NL-HAVOVWO,10,12,VA.D3.10
trig-addition-formulas,NL-HAVOVWO,10,12,VB.D.13
trig-equations,NL-HAVOVWO,10,12,VB.D.13
trig-equations,NL-HAVOVWO,10,11,HB.B4.7
trig-graphs,NL-HAVOVWO,10,11,HB.B1.4
trig-graphs,NL-HAVOVWO,10,12,VB.B2.5
trig-graphs,NL-HAVOVWO,10,12,VA.C1.6
trig-identities,NL-HAVOVWO,10,12,VB.D.13
trig-plane-figures,NL-HAVOVWO,10,11,HB.C1.8
two-way-table,NL-HAVOVWO,10,12,VA.E2.12
two-way-table,NL-HAVOVWO,10,11,HA.C1.7
two-way-table,NL-HAVOVWO,10,12,VC.E2.9
vectors-basic,NL-HAVOVWO,10,12,VB.E3.16
venn-diagram-counts,NL-HAVOVWO,10,12,VC.B2.5
venn-diagram-counts,NL-HAVOVWO,10,11,HA.B3.6
volume-of-revolution,NL-HAVOVWO,10,12,VB.C3.12
add-within-20-no-regrouping,NL-KD26,1,6,P10.A.a
addition-within-100,NL-KD26,1,6,P10.A.a
classify-solids,NL-KD26,1,6,P14.A.a
clock-reading,NL-KD26,1,6,P11.A.a
compare-size-attributes,NL-KD26,1,6,P11.A.a
compare-within-100,NL-KD26,1,6,P10.A.a
count-objects,NL-KD26,1,6,P10.A.a
counting-in-steps,NL-KD26,1,6,P10.A.a
data-collection,NL-KD26,1,6,P12.A.a
data-tables-charts,NL-KD26,1,9,P12.A.a
directional-lines,NL-KD26,1,6,P14.A.a
figure-recognition,NL-KD26,1,6,P14.A.a
inverse-operations-check,NL-KD26,1,6,P10.A.b
measure-mm-cm-m,NL-KD26,1,6,P11.A.a
number-word-form,NL-KD26,1,6,P10.A.a
operation-properties,NL-KD26,1,6,P10.A.e
ordinal-numbers,NL-KD26,1,6,P10.A.a
patterns-rhythms,NL-KD26,1,6,P13.A.a
place-value-tens-ones,NL-KD26,1,6,P10.A.a
placeholder-equation,NL-KD26,1,6,P10.A.b
spatial-directions,NL-KD26,1,6,P14.A.c
spatial-position-words,NL-KD26,1,9,P14.A.b
subtract-within-100-basic,NL-KD26,1,6,P10.A.a
successor-predecessor,NL-KD26,1,6,P10.A.a
word-problem-simple,NL-KD26,1,6,P15.A.c
add-subtract-hundreds,NL-KD26,2,6,P10.A.a
add-within-100-regrouping,NL-KD26,2,6,P10.A.a
data-interpretation,NL-KD26,2,9,P12.A.d
mental-transformations,NL-KD26,2,6,P14.A.e
money-shopping-change,NL-KD26,2,6,P11.A.a
multiplication-table,NL-KD26,2,6,P10.A.b
number-line,NL-KD26,2,6,P10.A.a
odd-even,NL-KD26,2,6,P10.A.b
temperature-reading,NL-KD26,2,6,P11.A.a
time-duration,NL-KD26,2,6,P11.A.a
unit-benchmarks,NL-KD26,2,6,P11.A.d
addition-within-1000,NL-KD26,3,6,P10.A.a
area-by-tiling,NL-KD26,3,6,P11.A.c
calendar-dates,NL-KD26,3,6,P11.A.a
capacity-units,NL-KD26,3,6,P11.A.a
compare-within-1000,NL-KD26,3,6,P10.A.a
compose-word-problem,NL-KD26,3,6,P15.B.b
compound-units-length,NL-KD26,3,6,P11.A.a
division-table,NL-KD26,3,6,P10.A.b
estimation-everyday,NL-KD26,3,6,P11.A.d
fraction-part-whole,NL-KD26,3,6,P10.B.a
function-table,NL-KD26,3,9,P13.A.c
kilometer-concept,NL-KD26,3,6,P11.A.a
mass-units,NL-KD26,3,6,P11.A.a
multiply-by-ten,NL-KD26,3,6,P10.A.a
multiply-by-tens,NL-KD26,3,6,P10.A.a
multiply-two-digit-by-two,NL-KD26,3,6,P10.A.d
order-of-operations,NL-KD26,3,6,P10.A.e
perimeter-rectangle,NL-KD26,3,6,P11.A.c
perimeter-square,NL-KD26,3,6,P11.A.c
place-value-3digit,NL-KD26,3,6,P10.A.a
redundant-data,NL-KD26,3,9,P15.B.c
rounding-10-100,NL-KD26,3,6,P10.A.d
scaling-grid,NL-KD26,3,6,P14.A.e
solids-nets,NL-KD26,3,6,P14.A.d
symmetry-grid,NL-KD26,3,6,P14.A.e
word-problem-multistep,NL-KD26,3,6,P15.A.c
written-algorithms,NL-KD26,3,6,P10.A.d
angle-classify,NL-KD26,4,6,P14.A.a
calendar-calculations,NL-KD26,4,6,P11.A.a
circle-parts,NL-KD26,4,6,P14.A.a
compare-difference-ratio,NL-KD26,4,6,P10.C.c
data-read-charts,NL-KD26,4,9,P12.A.d
decimal-add-subtract,NL-KD26,4,6,P10.A.a
decimal-place-value,NL-KD26,4,6,P10.A.a
decimal-to-fraction,NL-KD26,4,6,P10.B.b
decimals-compare,NL-KD26,4,6,P10.A.a
decimals-on-number-line,NL-KD26,4,6,P10.A.a
elapsed-time-hms,NL-KD26,4,6,P11.A.a
equation-one-step,NL-KD26,4,9,P15.B.b
estimate-calculation,NL-KD26,4,9,P10.A.d
factors-and-multiples,NL-KD26,4,6,P10.A.e
fraction-add-subtract-like,NL-KD26,4,6,P10.B.e
fraction-expand,NL-KD26,4,6,P10.B.d
fraction-of-quantity,NL-KD26,4,6,P10.B.e
fraction-simplify,NL-KD26,4,6,P10.B.d
fraction-to-decimal,NL-KD26,4,6,P10.B.b
fractions-compare,NL-KD26,4,6,P10.B.d
fractions-on-number-line,NL-KD26,4,6,P10.B.a
line-objects,NL-KD26,4,6,P14.A.a
lines-parallel-perpendicular,NL-KD26,4,6,P14.A.a
long-division-one-digit,NL-KD26,4,6,P10.A.d
mental-calculation-properties,NL-KD26,4,6,P10.A.d
mixed-number-conversion,NL-KD26,4,6,P10.B.a
money-calculations,NL-KD26,4,9,P10.C.d
number-pattern-rule,NL-KD26,4,9,P13.A.a
order-of-operations-brackets,NL-KD26,4,9,P10.A.e
place-value-multidigit,NL-KD26,4,6,P10.A.a
polygon-perimeter,NL-KD26,4,6,P11.A.c
rectangle-area,NL-KD26,4,6,P11.A.c
round-whole-numbers,NL-KD26,4,6,P10.A.d
solid-recognition,NL-KD26,4,6,P14.A.a
triangle-classify,NL-KD26,4,6,P14.A.a
unit-convert-capacity,NL-KD26,4,6,P11.A.e
unit-convert-length,NL-KD26,4,6,P11.A.e
unit-convert-mass,NL-KD26,4,6,P11.A.e
unit-fractions,NL-KD26,4,6,P10.B.a
written-add-subtract-multidigit,NL-KD26,4,6,P10.A.d
written-multiply-multidigit,NL-KD26,4,6,P10.A.d
written-multiply-one-digit,NL-KD26,4,6,P10.A.d
arithmetic-mean,NL-KD26,5,9,P12.A.b
compound-measure-decimal,NL-KD26,5,6,P11.A.e
cuboid-volume,NL-KD26,5,6,P11.A.c
data-storage-units,NL-KD26,5,6,P11.A.a
decimal-divide,NL-KD26,5,6,P10.A.a
decimal-multiply,NL-KD26,5,6,P10.A.a
decimal-times-power-of-ten,NL-KD26,5,6,P10.A.e
decimals-round,NL-KD26,5,6,P10.A.d
divisibility-rules,NL-KD26,5,6,P10.A.e
equation-from-context,NL-KD26,5,9,P15.B.b
fraction-add-subtract-unlike,NL-KD26,5,6,P10.B.e
fraction-as-division,NL-KD26,5,6,P10.B.c
fraction-common-denominator,NL-KD26,5,6,P10.B.e
fraction-multiplication-scaling,NL-KD26,5,6,P10.B.e
fraction-times-whole,NL-KD26,5,6,P10.B.e
fractions-compare-unlike,NL-KD26,5,6,P10.B.d
inverse-operations,NL-KD26,5,6,P10.A.e
long-division-two-digit,NL-KD26,5,6,P10.A.d
prime-composite,NL-KD26,5,6,P10.A.e
proportion-missing-value,NL-KD26,5,9,P10.C.e
quadrilateral-classify,NL-KD26,5,6,P14.A.a
solid-elements,NL-KD26,5,9,P14.A.a
solid-nets,NL-KD26,5,9,P14.A.d
symmetry-axial,NL-KD26,5,9,P14.A.e
two-patterns-relationship,NL-KD26,5,6,P13.A.c
unit-convert-area-volume,NL-KD26,5,9,P11.A.e
unit-rate,NL-KD26,5,9,P10.C.e
coordinate-point-read,NL-KD26,6,9,P14.A.c
distance-speed-time,NL-KD26,6,9,P10.C.a
integers-in-context,NL-KD26,6,9,P11.A.a
percent-of-quantity,NL-KD26,6,9,P10.C.a
percent-what-percent,NL-KD26,6,9,P10.C.b
ratio-simplify,NL-KD26,6,9,P10.C.c
scale-length,NL-KD26,6,9,P10.C.a
angle-sum-polygon,NL-KD26,7,9,V13.A.a
angles-missing-part,NL-KD26,7,9,V13.A.e
area-decomposition,NL-KD26,7,9,V10.A.e
binomial-product,NL-KD26,7,9,V10.A.g
bisector-properties,NL-KD26,7,9,V13.A.a
chance-estimation,NL-KD26,7,9,V11.B.b
check-calculation-error,NL-KD26,7,9,V14.C.d
circle-measures,NL-KD26,7,9,V10.A.e
compare-two-distributions,NL-KD26,7,9,V11.A.j
converse-statement,NL-KD26,7,9,V14.C.b
counterexample,NL-KD26,7,9,V14.C.b
cuboid-surface-area,NL-KD26,7,9,V10.A.e
data-median,NL-KD26,7,9,V11.A.b
data-mode,NL-KD26,7,9,V11.A.b
data-plot-read,NL-KD26,7,9,V11.A.e
data-range,NL-KD26,7,9,V11.A.b
distributive-property,NL-KD26,7,9,V10.A.f
equation-both-sides,NL-KD26,7,9,V10.B.d
equation-check-solution,NL-KD26,7,9,V10.B.a
equation-two-step,NL-KD26,7,9,V10.B.d
expression-evaluate,NL-KD26,7,9,V10.A.g
expression-from-words,NL-KD26,7,9,V10.B.b
formula-rearrange,NL-KD26,7,9,V10.B.c
fraction-divide-fraction,NL-KD26,7,9,V10.A.a
fraction-times-fraction,NL-KD26,7,9,V10.A.a
geometric-constructions,NL-KD26,7,9,V13.A.a
graph-change-over-time,NL-KD26,7,9,V11.A.e
greatest-common-factor,NL-KD26,7,9,V10.A.b
integers-add-subtract,NL-KD26,7,9,V10.A.a
integers-compare,NL-KD26,7,9,V10.A.b
integers-distance,NL-KD26,7,9,V10.A.b
integers-on-number-line,NL-KD26,7,9,V10.A.b
inverse-proportion,NL-KD26,7,9,V10.A.c
least-common-multiple,NL-KD26,7,9,V10.A.b
like-terms,NL-KD26,7,9,V10.A.g
linear-function-slope,NL-KD26,7,9,V12.A.e
linear-function-value,NL-KD26,7,9,V12.A.d
linear-function-zero,NL-KD26,7,9,V12.A.e
multiplication-rule-counting,NL-KD26,7,9,V11.B.d
number-line-inequality,NL-KD26,7,9,V10.B.g
parallelogram-area,NL-KD26,7,9,V10.A.e
percent-change,NL-KD26,7,9,V10.A.c
percent-find-whole,NL-KD26,7,9,V10.A.c
pie-chart-angle,NL-KD26,7,9,V11.A.c
power-rules,NL-KD26,7,9,V10.A.f
powers-evaluate,NL-KD26,7,9,V10.A.a
powers-negative-exponent,NL-KD26,7,9,V10.A.h
powers-whole-fraction,NL-KD26,7,9,V10.A.a
prime-factorization,NL-KD26,7,9,V10.A.b
probability-single-event,NL-KD26,7,9,V11.B.a
proportional-division,NL-KD26,7,9,V10.A.c
pythagoras,NL-KD26,7,9,V10.A.e
quadrilateral-angle-properties,NL-KD26,7,9,V13.A.a
rational-multistep,NL-KD26,7,9,V14.A.d
regular-polygon-angle,NL-KD26,7,9,V13.A.a
relative-frequency-estimate,NL-KD26,7,9,V11.B.b
relative-frequency-from-trials,NL-KD26,7,9,V11.B.e
root-rules,NL-KD26,7,9,V10.A.f
roots-estimate,NL-KD26,7,9,V10.A.a
roots-evaluate,NL-KD26,7,9,V10.A.a
scientific-notation,NL-KD26,7,9,V10.A.h
signed-add-subtract-rational,NL-KD26,7,9,V10.A.a
signed-multiply-divide,NL-KD26,7,9,V10.A.a
simple-interest,NL-KD26,7,9,V10.A.c
solid-cross-sections,NL-KD26,7,9,V13.A.c
symmetry-central,NL-KD26,7,9,V13.A.d
trapezoid-area,NL-KD26,7,9,V10.A.e
triangle-area,NL-KD26,7,9,V10.A.e
triangle-congruence,NL-KD26,7,9,V13.A.a
triangle-inequality,NL-KD26,7,9,V13.A.a
compound-unit-conversion,NL-KD26,8,9,V10.A.b
coordinate-transformations,NL-KD26,8,9,V13.A.d
cylinder-cone-sphere,NL-KD26,8,9,V10.A.e
grouped-frequency-mean,NL-KD26,8,9,V11.A.b
linear-function-point-check,NL-KD26,8,9,V12.A.d
linear-model-scatter,NL-KD26,8,9,V11.A.g
linear-system-two,NL-KD26,8,9,V10.B.f
prism-volume-surface,NL-KD26,8,9,V10.A.e
probability-two-stage,NL-KD26,8,9,V11.B.d
pyramid-volume-surface,NL-KD26,8,9,V10.A.e
significant-figures,NL-KD26,8,9,V10.A.i
thales-theorem,NL-KD26,8,9,V13.A.b
counting-rules,NL-KD26,9,9,V11.B.d
data-distribution-compare,NL-KD26,9,9,V11.A.i
exponential-function-value,NL-KD26,9,9,V12.A.i
function-graph-reading,NL-KD26,9,9,V12.A.h
linear-function-from-points,NL-KD26,9,9,V12.A.i
linear-inequality,NL-KD26,9,9,V10.B.g
linear-model-meaning,NL-KD26,9,9,V10.B.c
linear-system-elimination,NL-KD26,9,9,V10.B.f
measurement-accuracy,NL-KD26,9,9,V10.A.i
modeling-linear-relation,NL-KD26,9,9,V12.A.c
polynomial-equation,NL-KD26,9,9,V10.B.e
polynomial-operations,NL-KD26,9,9,V10.A.g
proportion-equation,NL-KD26,9,9,V10.B.e
quadratic-equation,NL-KD26,9,9,V10.B.e
quadratic-function-value,NL-KD26,9,9,V12.A.i
right-triangle-trig,NL-KD26,9,9,V13.A.f
sequence-nth-term,NL-KD26,9,9,V12.A.f
special-products,NL-KD26,9,9,V10.A.g
two-way-table,NL-KD26,9,9,V11.A.g
compound-interest,PL-LO,9,9,
function-graph-reading,PL-LO,9,10,
interval-notation,PL-LO,9,9,
linear-equation-special,PL-LO,9,9,
linear-function-from-points,PL-LO,9,9,
linear-function-value,PL-LO,9,9,
linear-inequality,PL-LO,9,9,
linear-inequality-two-variables,PL-LO,9,9,
linear-model-meaning,PL-LO,9,9,
linear-system-elimination,PL-LO,9,9,
linear-system-word-problems,PL-LO,9,9,
logarithm-change-base,PL-LO,9,9,
logarithm-evaluate,PL-LO,9,9,
logarithm-rules,PL-LO,9,9,
polynomial-factoring,PL-LO,9,9,
polynomial-operations,PL-LO,9,9,
power-rules,PL-LO,9,9,
quadrilateral-angle-properties,PL-LO,9,9,
rational-exponents,PL-LO,9,9,
rational-expressions,PL-LO,9,9,
regular-polygon-properties,PL-LO,9,9,
roots-nth,PL-LO,9,9,
similar-triangles-criteria,PL-LO,9,9,
special-products,PL-LO,9,9,
absolute-value,PL-LO,10,10,
exponential-equation,PL-LO,10,10,
exponential-function-value,PL-LO,10,10,
function-comparison,PL-LO,10,10,
graph-reflections,PL-LO,10,10,
graph-transformations,PL-LO,10,10,
inscribed-central-angles,PL-LO,10,10,
law-of-cosines-sines,PL-LO,10,10,
line-parabola-system,PL-LO,10,10,
optimization,PL-LO,10,10,
polynomial-division,PL-LO,10,10,
polynomial-equation,PL-LO,10,10,
polynomial-inequality,PL-LO,10,10,
polynomial-integer-roots,PL-LO,10,10,
power-monotonicity,PL-LO,10,10,
quadratic-equation,PL-LO,10,10,
quadratic-extreme-interval,PL-LO,10,10,
quadratic-formula-from-graph,PL-LO,10,10,
quadratic-function-value,PL-LO,10,10,
quadratic-graph-sketch,PL-LO,10,10,
quadratic-inequality,PL-LO,10,10,
quadratic-parameter,PL-LO,10,10,
quadratic-vertex-form,PL-LO,10,10,
rational-equation,PL-LO,10,10,
reciprocal-function,PL-LO,10,10,
right-triangle-trig,PL-LO,10,10,
sector-arc,PL-LO,10,10,
similar-figures-ratios,PL-LO,10,10,
tangent-chord,PL-LO,10,10,
thales-theorem,PL-LO,10,10,
triangle-circles,PL-LO,10,10,
triangle-kind-sides,PL-LO,10,10,
trig-identities,PL-LO,10,10,
trig-plane-figures,PL-LO,10,10,
trig-values,PL-LO,10,10,
vieta-formulas,PL-LO,10,10,
analytic-lines,PL-LO,11,11,
arithmetic-sequence,PL-LO,11,11,
binomial-coefficient,PL-LO,11,11,
binomial-expansion,PL-LO,11,11,
circle-equation,PL-LO,11,11,
circle-line-intersection,PL-LO,11,11,
circle-tangent-line,PL-LO,11,11,
circles-position,PL-LO,11,11,
coordinate-distance-pythagoras,PL-LO,11,11,
counting-rules,PL-LO,11,11,
cyclic-tangential-quadrilateral,PL-LO,11,11,
function-composition,PL-LO,11,11,
geometric-sequence,PL-LO,11,11,
geometric-series,PL-LO,11,11,
periodic-functions,PL-LO,11,11,
plane-transformations,PL-LO,11,11,
probability-addition-rule,PL-LO,11,11,
probability-combinatorial,PL-LO,11,11,
probability-single-event,PL-LO,11,11,
radian-measure,PL-LO,11,11,
sequence-limit,PL-LO,11,11,
sequence-monotonicity,PL-LO,11,11,
sequence-terms,PL-LO,11,11,
trig-addition-formulas,PL-LO,11,11,
trig-equations,PL-LO,11,11,
trig-graphs,PL-LO,11,11,
vectors-basic,PL-LO,11,11,
vectors-on-grid,PL-LO,11,11,
arithmetic-mean,PL-LO,12,12,
bernoulli-trials,PL-LO,12,12,
conditional-probability,PL-LO,12,12,
cylinder-cone-sphere,PL-LO,12,12,
data-median,PL-LO,12,12,
derivative-graph,PL-LO,12,12,
derivatives,PL-LO,12,12,
function-limits,PL-LO,12,12,
lines3-position,PL-LO,12,12,
monotonicity-extrema,PL-LO,12,12,
round-solids-surface,PL-LO,12,12,
similar-solids,PL-LO,12,12,
solid-angles,PL-LO,12,12,
solid-sections-area,PL-LO,12,12,
solid-segments,PL-LO,12,12,
solids-of-revolution,PL-LO,12,12,
tangent-line-derivative,PL-LO,12,12,
three-perpendiculars,PL-LO,12,12,
total-probability-bayes,PL-LO,12,12,
weighted-mean,PL-LO,12,12,
add-within-20-no-regrouping,PL-MEN,1,1,EW.MAT.I-III.3.2
addition-within-100,PL-MEN,1,3,EW.MAT.I-III.3.2
classify-objects,PL-MEN,1,3,EW.MAT.I-III.1.2
clock-reading,PL-MEN,1,3,EW.MAT.I-III.6.4
compare-size-attributes,PL-MEN,1,3,EW.MAT.I-III.1.2
compare-within-100,PL-MEN,1,3,EW.MAT.I-III.2.4
counting-in-steps,PL-MEN,1,3,EW.MAT.I-III.2.1
directional-lines,PL-MEN,1,3,EW.MAT.I-III.1.3
draw-segments,PL-MEN,1,3,EW.MAT.I-III.5.1
figure-recognition,PL-MEN,1,3,EW.MAT.I-III.5.1
logic-games,PL-MEN,1,3,EW.MAT.I-III.6.8
money-units-conversion,PL-MEN,1,3,EW.MAT.I-III.6.3
operation-properties,PL-MEN,1,3,EW.MAT.I-III.3.1
ordinal-numbers,PL-MEN,1,3,EW.MAT.I-III.2.3
patterns-rhythms,PL-MEN,1,3,EW.MAT.I-III.6.1
spatial-directions,PL-MEN,1,3,EW.MAT.I-III.1.1
spatial-position-words,PL-MEN,1,3,EW.MAT.I-III.1.1
word-problem-simple,PL-MEN,1,3,EW.MAT.I-III.4.1
add-within-100-regrouping,PL-MEN,2,3,EW.MAT.I-III.3.4
compare-difference,PL-MEN,2,3,EW.MAT.I-III.2.4
inverse-operations-check,PL-MEN,2,3,EW.MAT.I-III.3.1
money-shopping-change,PL-MEN,2,3,EW.MAT.I-III.6.3
multiplication-table,PL-MEN,2,3,EW.MAT.I-III.3.3
subtract-within-100-basic,PL-MEN,2,3,EW.MAT.I-III.3.4
add-subtract-hundreds,PL-MEN,3,3,EW.MAT.I-III.3.2
addition-within-1000,PL-MEN,3,3,EW.MAT.I-III.3.4
calendar-dates,PL-MEN,3,3,EW.MAT.I-III.6.4
capacity-units,PL-MEN,3,3,EW.MAT.I-III.6.7
compare-within-1000,PL-MEN,3,3,EW.MAT.I-III.2.4
compose-word-problem,PL-MEN,3,3,EW.MAT.I-III.4.2
compound-units-length,PL-MEN,3,3,EW.MAT.I-III.5.2
division-table,PL-MEN,3,3,EW.MAT.I-III.3.3
estimation-everyday,PL-MEN,3,3,EW.MAT.I-III.6.6
kilometer-concept,PL-MEN,3,3,EW.MAT.I-III.5.2
mass-units,PL-MEN,3,3,EW.MAT.I-III.6.7
measure-mm-cm-m,PL-MEN,3,3,EW.MAT.I-III.5.2
multiply-by-ten,PL-MEN,3,3,EW.MAT.I-III.3.3
multiply-two-digit-by-two,PL-MEN,3,3,EW.MAT.I-III.3.4
number-word-form,PL-MEN,3,3,EW.MAT.I-III.2.2
order-of-operations,PL-MEN,3,3,EW.MAT.I-III.3.4
perimeter-rectangle,PL-MEN,3,3,EW.MAT.I-III.5.3
perimeter-square,PL-MEN,3,3,EW.MAT.I-III.5.3
perimeter-triangle,PL-MEN,3,3,EW.MAT.I-III.5.3
place-value-3digit,PL-MEN,3,3,EW.MAT.I-III.2.3
placeholder-equation,PL-MEN,3,3,EW.MAT.I-III.3.3
redundant-data,PL-MEN,3,3,EW.MAT.I-III.4.1
roman-numerals,PL-MEN,3,3,EW.MAT.I-III.6.4
scaling-grid,PL-MEN,3,3,EW.MAT.I-III.5.1
successor-predecessor,PL-MEN,3,3,EW.MAT.I-III.2.1
symmetry-grid,PL-MEN,3,3,EW.MAT.I-III.5.4
temperature-reading,PL-MEN,3,3,EW.MAT.I-III.6.5
time-duration,PL-MEN,3,3,EW.MAT.I-III.6.4
word-problem-multistep,PL-MEN,3,3,EW.MAT.I-III.4.1
angle-classify,PL-MEN,4,6,
angle-measure-protractor,PL-MEN,4,6,
calendar-calculations,PL-MEN,4,6,
circle-parts,PL-MEN,4,6,
compare-difference-ratio,PL-MEN,4,6,
data-read-charts,PL-MEN,4,6,
decimal-add-subtract,PL-MEN,4,6,
decimal-to-fraction,PL-MEN,4,6,
decimals-compare,PL-MEN,4,6,
decimals-on-number-line,PL-MEN,4,6,
elapsed-time-hms,PL-MEN,4,6,
equation-one-step,PL-MEN,4,6,
estimate-calculation,PL-MEN,4,6,
expression-simple-evaluate,PL-MEN,4,6,
fraction-add-subtract-like,PL-MEN,4,6,
fraction-expand,PL-MEN,4,6,
fraction-part-whole,PL-MEN,4,6,
fraction-simplify,PL-MEN,4,6,
fraction-to-decimal,PL-MEN,4,6,
fractions-compare,PL-MEN,4,6,
fractions-on-number-line,PL-MEN,4,6,
line-objects,PL-MEN,4,6,
lines-parallel-perpendicular,PL-MEN,4,6,
long-division-one-digit,PL-MEN,4,6,
mental-calculation-properties,PL-MEN,4,6,
mixed-number-conversion,PL-MEN,4,6,
order-of-operations-brackets,PL-MEN,4,6,
place-value-multidigit,PL-MEN,4,6,
polygon-perimeter,PL-MEN,4,6,
powers-whole-fraction,PL-MEN,4,6,
rectangle-area,PL-MEN,4,6,
roman-numerals-3000,PL-MEN,4,6,
round-whole-numbers,PL-MEN,4,6,
solid-recognition,PL-MEN,4,6,
triangle-classify,PL-MEN,4,6,
unit-convert-length,PL-MEN,4,6,
unit-convert-mass,PL-MEN,4,6,
unit-fractions,PL-MEN,4,6,
written-add-subtract-multidigit,PL-MEN,4,6,
written-multiply-multidigit,PL-MEN,4,6,
written-multiply-one-digit,PL-MEN,4,6,
angle-sum-polygon,PL-MEN,5,6,
angles-missing-part,PL-MEN,5,6,
arithmetic-mean,PL-MEN,5,6,
compound-measure-decimal,PL-MEN,5,6,
counting-with-conditions,PL-MEN,5,6,
cuboid-surface-area,PL-MEN,5,6,
cuboid-volume,PL-MEN,5,6,
decimal-divide,PL-MEN,5,6,
decimal-multiply,PL-MEN,5,6,
decimal-times-power-of-ten,PL-MEN,5,6,
decimals-round,PL-MEN,5,6,
divisibility-rules,PL-MEN,5,6,
equation-from-context,PL-MEN,5,6,
factors-and-multiples,PL-MEN,5,6,
fraction-add-subtract-unlike,PL-MEN,5,6,
fraction-as-division,PL-MEN,5,6,
fraction-common-denominator,PL-MEN,5,6,
fraction-divide-fraction,PL-MEN,5,6,
fraction-divide-unit-whole,PL-MEN,5,6,
fraction-of-quantity,PL-MEN,5,6,
fraction-times-fraction,PL-MEN,5,6,
fraction-times-whole,PL-MEN,5,6,
fractions-compare-unlike,PL-MEN,5,6,
geometric-constructions,PL-MEN,5,8,
greatest-common-factor,PL-MEN,5,6,
least-common-multiple,PL-MEN,5,6,
long-division-two-digit,PL-MEN,5,6,
parallelogram-area,PL-MEN,5,6,
point-line-distance,PL-MEN,5,6,
prime-composite,PL-MEN,5,6,
prime-factorization,PL-MEN,5,6,
proportion-missing-value,PL-MEN,5,6,
quadrilateral-classify,PL-MEN,5,6,
solid-elements,PL-MEN,5,8,
solid-nets,PL-MEN,5,6,
symmetry-axial,PL-MEN,5,8,
trapezoid-area,PL-MEN,5,6,
triangle-area,PL-MEN,5,6,
triangle-heights,PL-MEN,5,6,
triangle-inequality,PL-MEN,5,6,
unit-convert-area-volume,PL-MEN,5,6,
unit-convert-capacity,PL-MEN,5,6,
unit-rate,PL-MEN,5,6,
coordinate-point-read,PL-MEN,6,6,
distance-speed-time,PL-MEN,6,6,
fraction-to-repeating-decimal,PL-MEN,6,6,
integers-add-subtract,PL-MEN,6,6,
integers-compare,PL-MEN,6,6,
integers-distance,PL-MEN,6,6,
integers-in-context,PL-MEN,6,6,
integers-on-number-line,PL-MEN,6,6,
percent-of-quantity,PL-MEN,6,6,
scale-length,PL-MEN,6,6,
signed-add-subtract-rational,PL-MEN,6,7,
signed-multiply-divide,PL-MEN,6,7,
area-decomposition,PL-MEN,7,8,
binomial-product,PL-MEN,7,8,
bisector-properties,PL-MEN,7,8,
circle-measures,PL-MEN,7,8,
coordinate-distance-pythagoras,PL-MEN,7,8,
distributive-property,PL-MEN,7,8,
equation-both-sides,PL-MEN,7,8,
equation-check-solution,PL-MEN,7,8,
equation-two-step,PL-MEN,7,8,
expression-evaluate,PL-MEN,7,8,
expression-from-words,PL-MEN,7,8,
formula-rearrange,PL-MEN,7,8,
graph-change-over-time,PL-MEN,7,8,
like-terms,PL-MEN,7,8,
multiplication-rule-counting,PL-MEN,7,8,
number-line-inequality,PL-MEN,7,8,
percent-change,PL-MEN,7,8,
percent-find-whole,PL-MEN,7,8,
percent-what-percent,PL-MEN,7,8,
power-rules,PL-MEN,7,8,
powers-evaluate,PL-MEN,7,8,
probability-single-event,PL-MEN,7,8,
proportional-division,PL-MEN,7,8,
pythagoras,PL-MEN,7,8,
regular-polygon-angle,PL-MEN,7,8,
root-rules,PL-MEN,7,8,
roots-estimate,PL-MEN,7,8,
roots-evaluate,PL-MEN,7,8,
scientific-notation,PL-MEN,7,8,
simple-interest,PL-MEN,7,8,
symmetry-central,PL-MEN,7,8,
triangle-congruence,PL-MEN,7,8,
lattice-points-on-line,PL-MEN,8,8,
prism-volume-surface,PL-MEN,8,8,
probability-two-stage,PL-MEN,8,8,
pyramid-slant-height,PL-MEN,8,8,
pyramid-volume-surface,PL-MEN,8,8,
segment-midpoint,PL-MEN,8,8,
angle-classify,PL-MEN26,4,6,
calendar-calculations,PL-MEN26,4,6,
circle-parts,PL-MEN26,4,6,
compare-difference-ratio,PL-MEN26,4,6,
compound-measure-decimal,PL-MEN26,4,6,
cuboid-surface-area,PL-MEN26,4,6,
cuboid-volume,PL-MEN26,4,6,
data-read-charts,PL-MEN26,4,6,
decimal-add-subtract,PL-MEN26,4,6,
decimal-place-value,PL-MEN26,4,6,
decimal-to-fraction,PL-MEN26,4,6,
decimals-compare,PL-MEN26,4,6,
decimals-on-number-line,PL-MEN26,4,6,
elapsed-time-hms,PL-MEN26,4,6,
equation-one-step,PL-MEN26,4,6,
estimate-calculation,PL-MEN26,4,6,
expression-simple-evaluate,PL-MEN26,4,6,
fraction-add-subtract-like,PL-MEN26,4,6,
fraction-expand,PL-MEN26,4,6,
fraction-part-whole,PL-MEN26,4,6,
fraction-simplify,PL-MEN26,4,6,
fraction-to-decimal,PL-MEN26,4,6,
fractions-compare,PL-MEN26,4,6,
fractions-on-number-line,PL-MEN26,4,6,
line-objects,PL-MEN26,4,6,
lines-parallel-perpendicular,PL-MEN26,4,6,
long-division-one-digit,PL-MEN26,4,6,
mental-calculation-properties,PL-MEN26,4,6,
mixed-number-conversion,PL-MEN26,4,6,
money-calculations,PL-MEN26,4,6,
order-of-operations-brackets,PL-MEN26,4,6,
place-value-multidigit,PL-MEN26,4,6,
polygon-perimeter,PL-MEN26,4,6,
powers-whole-fraction,PL-MEN26,4,6,
rectangle-area,PL-MEN26,4,6,
roman-numerals-3000,PL-MEN26,4,6,
round-whole-numbers,PL-MEN26,4,6,
scale-length,PL-MEN26,4,6,
solid-nets,PL-MEN26,4,6,
solid-recognition,PL-MEN26,4,6,
triangle-classify,PL-MEN26,4,6,
unit-convert-capacity,PL-MEN26,4,6,
unit-convert-length,PL-MEN26,4,6,
unit-convert-mass,PL-MEN26,4,6,
unit-fractions,PL-MEN26,4,6,
written-add-subtract-multidigit,PL-MEN26,4,6,
written-multiply-multidigit,PL-MEN26,4,6,
written-multiply-one-digit,PL-MEN26,4,6,
angle-sum-polygon,PL-MEN26,5,6,
angles-missing-part,PL-MEN26,5,6,
arithmetic-mean,PL-MEN26,5,6,
counting-with-conditions,PL-MEN26,5,6,
decimal-divide,PL-MEN26,5,6,
decimal-multiply,PL-MEN26,5,6,
decimal-times-power-of-ten,PL-MEN26,5,6,
decimals-round,PL-MEN26,5,6,
divisibility-rules,PL-MEN26,5,6,
equation-from-context,PL-MEN26,5,6,
factors-and-multiples,PL-MEN26,5,6,
fraction-add-subtract-unlike,PL-MEN26,5,6,
fraction-as-division,PL-MEN26,5,6,
fraction-common-denominator,PL-MEN26,5,6,
fraction-divide-fraction,PL-MEN26,5,6,
fraction-divide-unit-whole,PL-MEN26,5,6,
fraction-of-quantity,PL-MEN26,5,6,
fraction-times-fraction,PL-MEN26,5,6,
fraction-times-whole,PL-MEN26,5,6,
fractions-compare-unlike,PL-MEN26,5,6,
geometric-constructions,PL-MEN26,5,8,
greatest-common-factor,PL-MEN26,5,6,
inverse-operations,PL-MEN26,5,6,
least-common-multiple,PL-MEN26,5,6,
long-division-two-digit,PL-MEN26,5,6,
parallelogram-area,PL-MEN26,5,6,
point-line-distance,PL-MEN26,5,6,
polygon-diagonals,PL-MEN26,5,6,
prime-composite,PL-MEN26,5,6,
prime-factorization,PL-MEN26,5,6,
proportion-missing-value,PL-MEN26,5,6,
quadrilateral-classify,PL-MEN26,5,6,
solid-elements,PL-MEN26,5,8,
symmetry-axial,PL-MEN26,5,8,
trapezoid-area,PL-MEN26,5,6,
triangle-area,PL-MEN26,5,6,
triangle-heights,PL-MEN26,5,6,
triangle-inequality,PL-MEN26,5,6,
unit-convert-area-volume,PL-MEN26,5,6,
unit-rate,PL-MEN26,5,6,
coordinate-distance-aligned,PL-MEN26,6,6,
coordinate-point-read,PL-MEN26,6,6,
distance-speed-time,PL-MEN26,6,6,
fraction-to-repeating-decimal,PL-MEN26,6,6,
integers-add-subtract,PL-MEN26,6,6,
integers-compare,PL-MEN26,6,6,
integers-distance,PL-MEN26,6,6,
integers-in-context,PL-MEN26,6,6,
integers-on-number-line,PL-MEN26,6,6,
percent-of-quantity,PL-MEN26,6,6,
signed-add-subtract-rational,PL-MEN26,6,7,
signed-multiply-divide,PL-MEN26,6,7,
area-decomposition,PL-MEN26,7,8,
binomial-product,PL-MEN26,7,8,
bisector-properties,PL-MEN26,7,8,
circle-measures,PL-MEN26,7,8,
converse-statement,PL-MEN26,7,8,
counterexample,PL-MEN26,7,8,
data-median,PL-MEN26,7,8,
distributive-property,PL-MEN26,7,8,
equation-both-sides,PL-MEN26,7,8,
equation-check-solution,PL-MEN26,7,8,
equation-two-step,PL-MEN26,7,8,
expression-evaluate,PL-MEN26,7,8,
expression-from-words,PL-MEN26,7,8,
formula-rearrange,PL-MEN26,7,8,
graph-change-over-time,PL-MEN26,7,8,
lattice-polygon-area,PL-MEN26,7,8,
like-terms,PL-MEN26,7,8,
multiplication-rule-counting,PL-MEN26,7,8,
number-line-inequality,PL-MEN26,7,8,
percent-change,PL-MEN26,7,8,
percent-find-whole,PL-MEN26,7,8,
percent-what-percent,PL-MEN26,7,8,
power-rules,PL-MEN26,7,8,
powers-evaluate,PL-MEN26,7,8,
powers-negative-exponent,PL-MEN26,7,8,
probability-single-event,PL-MEN26,7,8,
proportional-division,PL-MEN26,7,8,
pythagoras,PL-MEN26,7,8,
regular-polygon-angle,PL-MEN26,7,8,
root-rules,PL-MEN26,7,8,
roots-estimate,PL-MEN26,7,8,
roots-evaluate,PL-MEN26,7,8,
scientific-notation,PL-MEN26,7,8,
simple-interest,PL-MEN26,7,8,
symmetry-central,PL-MEN26,7,8,
triangle-congruence,PL-MEN26,7,8,
coordinate-transformations,PL-MEN26,8,8,
lattice-points-on-line,PL-MEN26,8,8,
linear-system-two,PL-MEN26,8,8,
prism-volume-surface,PL-MEN26,8,8,
probability-two-stage,PL-MEN26,8,8,
pyramid-slant-height,PL-MEN26,8,8,
pyramid-volume-surface,PL-MEN26,8,8,
segment-midpoint,PL-MEN26,8,8,
special-right-triangles,PL-MEN26,8,8,
add-within-20-no-regrouping,US-CCSS,0,2,K.OA.A.1
build-solid-models,US-CCSS,0,0,K.G.B.5
classify-objects,US-CCSS,0,0,K.MD.B.3
classify-solids,US-CCSS,0,2,K.G.A.3
compare-difference,US-CCSS,0,2,K.CC.C.6
compare-size-attributes,US-CCSS,0,2,K.MD.A.1
compare-within-100,US-CCSS,0,1,K.CC.C.6
compose-shapes,US-CCSS,0,1,K.G.B.6
count-objects,US-CCSS,0,1,K.CC.A.3
counting-in-steps,US-CCSS,0,2,K.CC.A.1
data-collection,US-CCSS,0,0,K.MD.B.3
data-tables-charts,US-CCSS,0,3,K.MD.B.3
draw-segments,US-CCSS,0,0,K.G.B.5
figure-recognition,US-CCSS,0,3,K.G.A.1
ordinal-numbers,US-CCSS,0,0,K.CC.B.5
place-value-tens-ones,US-CCSS,0,1,K.NBT.A.1
placeholder-equation,US-CCSS,0,3,K.OA.A.3
spatial-position-words,US-CCSS,0,0,K.G.A.1
subtract-within-100-basic,US-CCSS,0,2,K.OA.A.2
successor-predecessor,US-CCSS,0,1,K.CC.A.2
word-problem-simple,US-CCSS,0,3,K.OA.A.1
add-subtract-hundreds,US-CCSS,1,2,1.NBT.C.6
add-within-100-regrouping,US-CCSS,1,2,1.NBT.C.4
addition-within-100,US-CCSS,1,2,1.NBT.C.4
clock-reading,US-CCSS,1,3,1.MD.B.3
data-interpretation,US-CCSS,1,3,1.MD.C.4
fraction-part-whole,US-CCSS,1,3,1.G.A.3
inverse-operations-check,US-CCSS,1,3,1.OA.B.4
measure-mm-cm-m,US-CCSS,1,2,1.MD.A.2
number-word-form,US-CCSS,1,2,1.NBT.A.1
operation-properties,US-CCSS,1,3,1.OA.B.3
addition-within-1000,US-CCSS,2,3,2.NBT.B.7
area-by-tiling,US-CCSS,2,3,2.G.A.2
compare-within-1000,US-CCSS,2,2,2.NBT.A.4
compound-units-length,US-CCSS,2,2,2.MD.A.2
money-shopping-change,US-CCSS,2,2,2.MD.C.8
multiplication-table,US-CCSS,2,3,2.G.A.2
number-line,US-CCSS,2,3,2.MD.B.6
odd-even,US-CCSS,2,2,2.OA.C.3
place-value-3digit,US-CCSS,2,2,2.NBT.A.1
time-duration,US-CCSS,2,3,2.MD.C.7
unit-benchmarks,US-CCSS,2,2,2.MD.A.3
word-problem-multistep,US-CCSS,2,3,2.OA.A.1
capacity-units,US-CCSS,3,3,3.MD.A.2
division-table,US-CCSS,3,3,3.OA.A.2
estimation-everyday,US-CCSS,3,3,3.NBT.A.1
fractions-compare,US-CCSS,3,3,3.NF.A.3
function-table,US-CCSS,3,3,3.OA.C.7
mass-units,US-CCSS,3,3,3.MD.A.2
multiply-by-tens,US-CCSS,3,3,3.NBT.A.3
order-of-operations,US-CCSS,3,3,3.OA.B.5
patterns-rhythms,US-CCSS,3,3,3.OA.D.9
perimeter-rectangle,US-CCSS,3,3,3.MD.D.8
perimeter-square,US-CCSS,3,3,3.MD.D.8
perimeter-triangle,US-CCSS,3,3,3.MD.D.8
rounding-10-100,US-CCSS,3,3,3.NBT.A.1
unit-fractions,US-CCSS,3,3,3.G.A.2
written-algorithms,US-CCSS,3,3,3.NBT.A.2
angle-classify,US-CCSS,4,4,4.G.A.1
angle-measure-protractor,US-CCSS,4,4,4.MD.C.6
angles-missing-part,US-CCSS,4,4,4.MD.C.7
compare-difference-ratio,US-CCSS,4,4,4.OA.A.1
decimal-place-value,US-CCSS,4,5,4.NF.C.6
decimal-to-fraction,US-CCSS,4,4,4.NF.C.6
decimals-compare,US-CCSS,4,5,4.NF.C.7
decimals-on-number-line,US-CCSS,4,4,4.NF.C.6
divisibility-rules,US-CCSS,4,4,4.OA.B.4
elapsed-time-hms,US-CCSS,4,4,4.MD.A.2
estimate-calculation,US-CCSS,4,4,4.OA.A.3
factors-and-multiples,US-CCSS,4,4,4.OA.B.4
fraction-add-subtract-like,US-CCSS,4,4,4.NF.B.3
fraction-common-denominator,US-CCSS,4,5,4.NF.A.2
fraction-expand,US-CCSS,4,4,4.NF.A.1
fraction-of-quantity,US-CCSS,4,5,4.NF.B.4
fraction-simplify,US-CCSS,4,4,4.NF.A.1
fraction-times-whole,US-CCSS,4,4,4.NF.B.4
fraction-to-decimal,US-CCSS,4,4,4.NF.C.6
fractions-compare-unlike,US-CCSS,4,4,4.NF.A.2
line-plot-fraction-difference,US-CCSS,4,4,4.MD.B.4
long-division-one-digit,US-CCSS,4,4,4.NBT.B.6
mixed-number-conversion,US-CCSS,4,4,4.NF.B.3
money-calculations,US-CCSS,4,4,4.MD.A.2
number-pattern-rule,US-CCSS,4,4,4.OA.C.5
place-value-multidigit,US-CCSS,4,4,4.NBT.A.1
polygon-perimeter,US-CCSS,4,4,4.MD.A.3
prime-composite,US-CCSS,4,4,4.OA.B.4
rectangle-area,US-CCSS,4,4,4.MD.A.3
round-whole-numbers,US-CCSS,4,4,4.NBT.A.3
symmetry-axial,US-CCSS,4,4,4.G.A.3
triangle-classify,US-CCSS,4,4,4.G.A.2
unit-convert-capacity,US-CCSS,4,5,4.MD.A.1
unit-convert-length,US-CCSS,4,5,4.MD.A.1
unit-convert-mass,US-CCSS,4,5,4.MD.A.1
written-add-subtract-multidigit,US-CCSS,4,4,4.NBT.B.4
written-multiply-multidigit,US-CCSS,4,5,4.NBT.B.5
written-multiply-one-digit,US-CCSS,4,4,4.NBT.B.5
compound-measure-decimal,US-CCSS,5,5,5.MD.A.1
coordinate-point-read,US-CCSS,5,6,5.G.A.1
cuboid-volume,US-CCSS,5,6,5.MD.C.3
decimal-add-subtract,US-CCSS,5,6,5.NBT.B.7
decimal-divide,US-CCSS,5,6,5.NBT.B.7
decimal-multiply,US-CCSS,5,6,5.NBT.B.7
decimal-times-power-of-ten,US-CCSS,5,5,5.NBT.A.2
decimals-round,US-CCSS,5,5,5.NBT.A.4
expression-simple-evaluate,US-CCSS,5,5,5.OA.A.2
fraction-add-subtract-unlike,US-CCSS,5,5,5.NF.A.1
fraction-as-division,US-CCSS,5,5,5.NF.B.3
fraction-divide-unit-whole,US-CCSS,5,5,5.NF.B.7
fraction-multiplication-scaling,US-CCSS,5,5,5.NF.B.5
fraction-times-fraction,US-CCSS,5,5,5.NF.B.4
line-plot-fraction-total,US-CCSS,5,5,5.MD.B.2
long-division-two-digit,US-CCSS,5,6,5.NBT.B.6
order-of-operations-brackets,US-CCSS,5,5,5.OA.A.1
quadrilateral-classify,US-CCSS,5,5,5.G.B.3
two-patterns-relationship,US-CCSS,5,6,5.OA.B.3
arithmetic-mean,US-CCSS,6,6,6.SP.A.2
coordinate-distance-aligned,US-CCSS,6,6,6.G.A.3
cuboid-surface-area,US-CCSS,6,6,6.G.A.4
data-median,US-CCSS,6,6,6.SP.A.2
data-plot-read,US-CCSS,6,6,6.SP.B.4
data-range,US-CCSS,6,6,6.SP.A.2
distance-speed-time,US-CCSS,6,6,6.EE.C.9
distributive-property,US-CCSS,6,6,6.EE.A.3
equation-check-solution,US-CCSS,6,6,6.EE.B.5
equation-from-context,US-CCSS,6,6,6.EE.B.6
equation-one-step,US-CCSS,6,6,6.EE.B.7
expression-evaluate,US-CCSS,6,6,6.EE.A.2
fraction-divide-fraction,US-CCSS,6,6,6.NS.A.1
greatest-common-factor,US-CCSS,6,6,6.NS.B.4
integers-compare,US-CCSS,6,6,6.NS.C.7
integers-distance,US-CCSS,6,6,6.NS.C.7
integers-in-context,US-CCSS,6,6,6.NS.C.5
integers-on-number-line,US-CCSS,6,6,6.NS.C.6
least-common-multiple,US-CCSS,6,6,6.NS.B.4
like-terms,US-CCSS,6,6,6.EE.A.3
number-line-inequality,US-CCSS,6,6,6.EE.B.8
parallelogram-area,US-CCSS,6,6,6.G.A.1
percent-of-quantity,US-CCSS,6,6,6.RP.A.3
powers-whole-fraction,US-CCSS,6,6,6.EE.A.1
proportion-missing-value,US-CCSS,6,6,6.RP.A.3
ratio-simplify,US-CCSS,6,6,6.RP.A.1
solid-nets,US-CCSS,6,6,6.G.A.4
trapezoid-area,US-CCSS,6,6,6.G.A.1
triangle-area,US-CCSS,6,6,6.G.A.1
unit-rate,US-CCSS,6,6,6.RP.A.2
circle-measures,US-CCSS,7,7,7.G.B.4
compare-two-distributions,US-CCSS,7,7,7.SP.B.3
equation-two-step,US-CCSS,7,7,7.EE.B.4
geometric-constructions,US-CCSS,7,7,7.G.A.2
integers-add-subtract,US-CCSS,7,7,7.NS.A.1
percent-change,US-CCSS,7,7,7.EE.A.2
percent-find-whole,US-CCSS,7,7,7.RP.A.3
percent-what-percent,US-CCSS,7,7,7.RP.A.3
prism-volume-surface,US-CCSS,7,7,7.G.B.6
probability-single-event,US-CCSS,7,7,7.SP.C.5
probability-two-stage,US-CCSS,7,7,7.SP.C.8
rational-multistep,US-CCSS,7,7,7.EE.B.3
relative-frequency-estimate,US-CCSS,7,7,7.SP.C.6
sample-to-population,US-CCSS,7,7,7.SP.A.2
scale-length,US-CCSS,7,7,7.G.A.1
signed-add-subtract-rational,US-CCSS,7,7,7.NS.A.1
signed-multiply-divide,US-CCSS,7,7,7.NS.A.2
simple-interest,US-CCSS,7,7,7.RP.A.3
solid-cross-sections,US-CCSS,7,7,7.G.A.3
triangle-inequality,US-CCSS,7,7,7.G.A.2
angle-sum-polygon,US-CCSS,8,8,8.G.A.5
coordinate-distance-pythagoras,US-CCSS,8,8,8.G.B.8
coordinate-transformations,US-CCSS,8,8,8.G.A.1
cylinder-cone-sphere,US-CCSS,8,8,8.G.C.9
equation-both-sides,US-CCSS,8,8,8.EE.C.7
graph-change-over-time,US-CCSS,8,8,8.F.B.5
linear-function-point-check,US-CCSS,8,8,8.F.A.1
linear-function-slope,US-CCSS,8,8,8.EE.B.5
linear-function-value,US-CCSS,8,8,8.F.A.1
linear-model-scatter,US-CCSS,8,8,8.SP.A.1
linear-system-two,US-CCSS,8,8,8.EE.C.8
power-rules,US-CCSS,8,8,8.EE.A.1
powers-evaluate,US-CCSS,8,8,8.EE.A.1
powers-negative-exponent,US-CCSS,8,8,8.EE.A.1
pythagoras,US-CCSS,8,8,8.G.B.6
repeating-decimal-to-fraction,US-CCSS,8,8,8.NS.A.1
roots-estimate,US-CCSS,8,8,8.NS.A.2
roots-evaluate,US-CCSS,8,8,8.EE.A.2
scientific-notation,US-CCSS,8,8,8.EE.A.3
triangle-congruence,US-CCSS,8,8,8.G.A.2
two-way-table,US-CCSS,8,8,8.SP.A.4
arithmetic-sequence,US-CCSS,9,9,HSF-BF.A.2
average-rate-of-change,US-CCSS,9,11,HSF-IF.B.6
conditional-probability,US-CCSS,9,10,HSS-ID.B.5
data-distribution-compare,US-CCSS,9,9,HSS-ID.A.1
data-variance,US-CCSS,9,9,HSS-ID.A.2
exponential-function-value,US-CCSS,9,9,HSF-LE.B.5
exponential-vs-linear,US-CCSS,9,9,HSF-LE.A.1
expression-structure,US-CCSS,9,11,HSA-SSE.A.1
formula-rearrange,US-CCSS,9,11,HSA-CED.A.4
function-comparison,US-CCSS,9,11,HSF-IF.C.9
function-composition,US-CCSS,9,11,HSF-BF.A.1
function-graph-reading,US-CCSS,9,11,HSF-IF.A.1
geometric-sequence,US-CCSS,9,11,HSF-BF.A.2
graph-transformations,US-CCSS,9,11,HSF-BF.B.3
inverse-function,US-CCSS,9,11,HSF-BF.B.4
line-parabola-system,US-CCSS,9,11,HSA-REI.C.7
linear-equation-special,US-CCSS,9,9,HSA-REI.B.3
linear-function-from-points,US-CCSS,9,11,HSF-BF.A.1
linear-inequality,US-CCSS,9,9,HSA-REI.B.3
linear-inequality-two-variables,US-CCSS,9,9,HSA-REI.D.12
linear-model-meaning,US-CCSS,9,9,HSS-ID.C.7
linear-system-elimination,US-CCSS,9,9,HSA-REI.C.6
measurement-accuracy,US-CCSS,9,9,HSN-Q.A.2
modeling-constraints,US-CCSS,9,11,HSA-CED.A.3
modeling-inequality-one-variable,US-CCSS,9,11,HSA-CED.A.1
modeling-linear-relation,US-CCSS,9,11,HSA-CED.A.2
polynomial-factoring,US-CCSS,9,11,HSA-SSE.B.3
polynomial-operations,US-CCSS,9,11,HSA-APR.A.1
quadratic-equation,US-CCSS,9,9,HSA-REI.B.4
quadratic-function-value,US-CCSS,9,9,HSF-IF.A.2
quadratic-graph-sketch,US-CCSS,9,11,HSF-IF.C.7
quadratic-vertex-form,US-CCSS,9,11,HSA-SSE.B.3
rational-exponents,US-CCSS,9,9,HSN-RN.A.1
sequence-terms,US-CCSS,9,9,HSF-IF.A.3
special-products,US-CCSS,9,11,HSA-SSE.A.2
analytic-lines,US-CCSS,10,10,HSG-GPE.B.5
circle-equation,US-CCSS,10,10,HSG-GPE.A.1
counting-rules,US-CCSS,10,10,HSS-CP.B.9
cyclic-tangential-quadrilateral,US-CCSS,10,10,HSG-C.A.3
density-modeling,US-CCSS,10,10,HSG-MG.A.2
events-independence,US-CCSS,10,10,HSS-CP.A.2
expected-value,US-CCSS,10,12,HSS-MD.B.6
geometric-constructions-circle,US-CCSS,10,10,HSG-C.A.4
geometric-design-optimization,US-CCSS,10,10,HSG-MG.A.3
inscribed-central-angles,US-CCSS,10,10,HSG-C.A.2
law-of-cosines-sines,US-CCSS,10,10,HSG-SRT.D.10
modeling-with-solids,US-CCSS,10,10,HSG-MG.A.1
plane-transformations,US-CCSS,10,10,HSG-CO.A.2
probability-addition-rule,US-CCSS,10,10,HSS-CP.A.1
probability-combinatorial,US-CCSS,10,10,HSS-CP.B.9
radian-measure,US-CCSS,10,11,HSG-C.B.5
right-triangle-trig,US-CCSS,10,10,HSG-SRT.C.6
rotational-symmetry,US-CCSS,10,10,HSG-CO.A.3
round-solids-surface,US-CCSS,10,10,HSG-GMD.A.3
sector-arc,US-CCSS,10,10,HSG-C.B.5
segment-partition,US-CCSS,10,10,HSG-GPE.B.6
similar-figures-ratios,US-CCSS,10,10,HSG-SRT.A.1
similar-triangles-criteria,US-CCSS,10,10,HSG-SRT.A.2
solids-of-revolution,US-CCSS,10,10,HSG-GMD.B.4
tangent-chord,US-CCSS,10,10,HSG-C.A.2
thales-theorem,US-CCSS,10,10,HSG-SRT.B.5
total-probability-bayes,US-CCSS,10,10,HSS-CP.B.8
triangle-area-coordinates,US-CCSS,10,10,HSG-GPE.B.7
triangle-circles,US-CCSS,10,10,HSG-C.A.3
trig-values,US-CCSS,10,12,HSG-SRT.C.7
binomial-expansion,US-CCSS,11,11,HSA-APR.C.5
complex-arithmetic,US-CCSS,11,11,HSN-CN.A.1
complex-quadratic-roots,US-CCSS,11,11,HSN-CN.C.7
natural-logarithm,US-CCSS,11,12,HSF-LE.A.4
normal-distribution,US-CCSS,11,11,HSS-ID.A.4
periodic-functions,US-CCSS,11,11,HSF-TF.B.5
polynomial-division,US-CCSS,11,11,HSA-APR.B.2
polynomial-graph-zeros,US-CCSS,11,11,HSA-APR.B.3
polynomial-root-count,US-CCSS,11,11,HSN-CN.C.9
rational-equation,US-CCSS,11,11,HSA-REI.A.2
rational-expressions,US-CCSS,11,11,HSA-APR.D.6
sampling-inference,US-CCSS,11,11,HSS-IC.A.1
trig-addition-formulas,US-CCSS,11,11,HSF-TF.C.9
trig-identities,US-CCSS,11,11,HSF-TF.C.8
bernoulli-trials,US-CCSS,12,12,HSS-MD.A.3
complex-conjugate-modulus,US-CCSS,12,12,HSN-CN.A.3
complex-polar-form,US-CCSS,12,12,HSN-CN.B.4
complex-polar-operations,US-CCSS,12,12,HSN-CN.B.5
matrix-determinant-3x3,US-CCSS,12,12,HSN-VM.C.10
matrix-determinant-inverse,US-CCSS,12,12,HSA-REI.C.9
matrix-linear-systems,US-CCSS,12,12,HSA-REI.C.8
matrix-operations,US-CCSS,12,12,HSN-VM.C.11
matrix-powers,US-CCSS,12,12,HSN-VM.C.6
matrix-transformations,US-CCSS,12,12,HSN-VM.C.12
trig-equations,US-CCSS,12,12,HSF-TF.B.7
vectors-basic,US-CCSS,12,12,HSN-VM.A.2
vectors-on-grid,US-CCSS,12,12,HSN-VM.A.1
